image_path,label
C:\Users\samri\.cache\kagglehub\datasets\grassknoted\asl-alphabet\versions\1\asl_alphabet_train\asl_alphabet_train\A\A1.jpg,A
C:\Users\samri\.cache\kagglehub\datasets\grassknoted\asl-alphabet\versions\1\asl_alphabet_train\asl_alphabet_train\A\A10.jpg,A
C:\Users\samri\.cache\kagglehub\datasets\grassknoted\asl-alphabet\versions\1\asl_alphabet_train\asl_alphabet_train\A\A1000.jpg,A
C:\Users\samri\.cache\kagglehub\datasets\grassknoted\asl-alphabet\versions\1\asl_alphabet_train\asl_alphabet_train\A\A1001.jpg,A
C:\Users\samri\.cache\kagglehub\datasets\grassknoted\asl-alphabet\versions\1\asl_alphabet_train\asl_alphabet_train\A\A1002.jpg,A
C:\Users\samri\.cache\kagglehub\datasets\grassknoted\asl-alphabet\versions\1\asl_alphabet_train\asl_alphabet_train\A\A1003.jpg,A
C:\Users\samri\.cache\kagglehub\datasets\grassknoted\asl-alphabet\versions\1\asl_alphabet_train\asl_alphabet_train\A\A1004.jpg,A
C:\Users\samri\.cache\kagglehub\datasets\grassknoted\asl-alphabet\versions\1\asl_alphabet_train\asl_alphabet_train\A\A1005.jpg,A
C:\Users\samri\.cache\kagglehub\datasets\grassknoted\asl-alphabet\versions\1\asl_alphabet_train\asl_alphabet_train\A\A1006.jpg,A
C:\Users\samri\.cache\kagglehub\datasets\grassknoted\asl-alphabet\versions\1\asl_alphabet_train\asl_alphabet_train\A\A1007.jpg,A
C:\Users\samri\.cache\kagglehub\datasets\grassknoted\asl-alphabet\versions\1\asl_alphabet_train\asl_alphabet_train\A\A1008.jpg,A
C:\Users\samri\.cache\kagglehub\datasets\grassknoted\asl-alphabet\versions\1\asl_alphabet_train\asl_alphabet_train\A\A1009.jpg,A
C:\Users\samri\.cache\kagglehub\datasets\grassknoted\asl-alphabet\versions\1\asl_alphabet_train\asl_alphabet_train\A\A1010.jpg,A
C:\Users\samri\.cache\kagglehub\datasets\grassknoted\asl-alphabet\versions\1\asl_alphabet_train\asl_alphabet_train\A\A1011.jpg,A
C:\Users\samri\.cache\kagglehub\datasets\grassknoted\asl-alphabet\versions\1\asl_alphabet_train\asl_alphabet_train\A\A1012.jpg,A
C:\Users\samri\.cache\kagglehub\datasets\grassknoted\asl-alphabet\versions\1\asl_alphabet_train\asl_alphabet_train\A\A1013.jpg,A
C:\Users\samri\.cache\kagglehub\datasets\grassknoted\asl-alphabet\versions\1\asl_alphabet_train\asl_alphabet_train\A\A1014.jpg,A
C:\Users\samri\.cache\kagglehub\datasets\grassknoted\asl-alphabet\versions\1\asl_alphabet_train\asl_alphabet_train\A\A1015.jpg,A
C:\Users\samri\.cache\kagglehub\datasets\grassknoted\asl-alphabet\versions\1\asl_alphabet_train\asl_alphabet_train\A\A1016.jpg,A
C:\Users\samri\.cache\kagglehub\datasets\grassknoted\asl-alphabet\versions\1\asl_alphabet_train\asl_alphabet_train\A\A1017.jpg,A
C:\Users\samri\.cache\kagglehub\datasets\grassknoted\asl-alphabet\versions\1\asl_alphabet_train\asl_alphabet_train\A\A1018.jpg,A
C:\Users\samri\.cache\kagglehub\datasets\grassknoted\asl-alphabet\versions\1\asl_alphabet_train\asl_alphabet_train\A\A1019.jpg,A
C:\Users\samri\.cache\kagglehub\datasets\grassknoted\asl-alphabet\versions\1\asl_alphabet_train\asl_alphabet_train\A\A1020.jpg,A
C:\Users\samri\.cache\kagglehub\datasets\grassknoted\asl-alphabet\versions\1\asl_alphabet_train\asl_alphabet_train\A\A1021.jpg,A
C:\Users\samri\.cache\kagglehub\datasets\grassknoted\asl-alphabet\versions\1\asl_alphabet_train\asl_alphabet_train\A\A1022.jpg,A
C:\Users\samri\.cache\kagglehub\datasets\grassknoted\asl-alphabet\versions\1\asl_alphabet_train\asl_alphabet_train\A\A1023.jpg,A
C:\Users\samri\.cache\kagglehub\datasets\grassknoted\asl-alphabet\versions\1\asl_alphabet_train\asl_alphabet_train\A\A1024.jpg,A
C:\Users\samri\.cache\kagglehub\datasets\grassknoted\asl-alphabet\versions\1\asl_alphabet_train\asl_alphabet_train\A\A1025.jpg,A
C:\Users\samri\.cache\kagglehub\datasets\grassknoted\asl-alphabet\versions\1\asl_alphabet_train\asl_alphabet_train\A\A1026.jpg,A
C:\Users\samri\.cache\kagglehub\datasets\grassknoted\asl-alphabet\versions\1\asl_alphabet_train\asl_alphabet_train\A\A1027.jpg,A
C:\Users\samri\.cache\kagglehub\datasets\grassknoted\asl-alphabet\versions\1\asl_alphabet_train\asl_alphabet_train\A\A1028.jpg,A
C:\Users\samri\.cache\kagglehub\datasets\grassknoted\asl-alphabet\versions\1\asl_alphabet_train\asl_alphabet_train\A\A1029.jpg,A
C:\Users\samri\.cache\kagglehub\datasets\grassknoted\asl-alphabet\versions\1\asl_alphabet_train\asl_alphabet_train\A\A1030.jpg,A
C:\Users\samri\.cache\kagglehub\datasets\grassknoted\asl-alphabet\versions\1\asl_alphabet_train\asl_alphabet_train\A\A1031.jpg,A
C:\Users\samri\.cache\kagglehub\datasets\grassknoted\asl-alphabet\versions\1\asl_alphabet_train\asl_alphabet_train\A\A1032.jpg,A
C:\Users\samri\.cache\kagglehub\datasets\grassknoted\asl-alphabet\versions\1\asl_alphabet_train\asl_alphabet_train\A\A1033.jpg,A
C:\Users\samri\.cache\kagglehub\datasets\grassknoted\asl-alphabet\versions\1\asl_alphabet_train\asl_alphabet_train\A\A1034.jpg,A
C:\Users\samri\.cache\kagglehub\datasets\grassknoted\asl-alphabet\versions\1\asl_alphabet_train\asl_alphabet_train\A\A1035.jpg,A
C:\Users\samri\.cache\kagglehub\datasets\grassknoted\asl-alphabet\versions\1\asl_alphabet_train\asl_alphabet_train\A\A1036.jpg,A
C:\Users\samri\.cache\kagglehub\datasets\grassknoted\asl-alphabet\versions\1\asl_alphabet_train\asl_alphabet_train\A\A1037.jpg,A
C:\Users\samri\.cache\kagglehub\datasets\grassknoted\asl-alphabet\versions\1\asl_alphabet_train\asl_alphabet_train\A\A1038.jpg,A
C:\Users\samri\.cache\kagglehub\datasets\grassknoted\asl-alphabet\versions\1\asl_alphabet_train\asl_alphabet_train\A\A1039.jpg,A
C:\Users\samri\.cache\kagglehub\datasets\grassknoted\asl-alphabet\versions\1\asl_alphabet_train\asl_alphabet_train\A\A1040.jpg,A
C:\Users\samri\.cache\kagglehub\datasets\grassknoted\asl-alphabet\versions\1\asl_alphabet_train\asl_alphabet_train\A\A1041.jpg,A
C:\Users\samri\.cache\kagglehub\datasets\grassknoted\asl-alphabet\versions\1\asl_alphabet_train\asl_alphabet_train\A\A1042.jpg,A
C:\Users\samri\.cache\kagglehub\datasets\grassknoted\asl-alphabet\versions\1\asl_alphabet_train\asl_alphabet_train\B\B1.jpg,B
C:\Users\samri\.cache\kagglehub\datasets\grassknoted\asl-alphabet\versions\1\asl_alphabet_train\asl_alphabet_train\B\B10.jpg,B
C:\Users\samri\.cache\kagglehub\datasets\grassknoted\asl-alphabet\versions\1\asl_alphabet_train\asl_alphabet_train\B\B1000.jpg,B
C:\Users\samri\.cache\kagglehub\datasets\grassknoted\asl-alphabet\versions\1\asl_alphabet_train\asl_alphabet_train\B\B1001.jpg,B
C:\Users\samri\.cache\kagglehub\datasets\grassknoted\asl-alphabet\versions\1\asl_alphabet_train\asl_alphabet_train\B\B1002.jpg,B
C:\Users\samri\.cache\kagglehub\datasets\grassknoted\asl-alphabet\versions\1\asl_alphabet_train\asl_alphabet_train\B\B1003.jpg,B
C:\Users\samri\.cache\kagglehub\datasets\grassknoted\asl-alphabet\versions\1\asl_alphabet_train\asl_alphabet_train\B\B1004.jpg,B
C:\Users\samri\.cache\kagglehub\datasets\grassknoted\asl-alphabet\versions\1\asl_alphabet_train\asl_alphabet_train\B\B1005.jpg,B
C:\Users\samri\.cache\kagglehub\datasets\grassknoted\asl-alphabet\versions\1\asl_alphabet_train\asl_alphabet_train\B\B1006.jpg,B
C:\Users\samri\.cache\kagglehub\datasets\grassknoted\asl-alphabet\versions\1\asl_alphabet_train\asl_alphabet_train\B\B1007.jpg,B
C:\Users\samri\.cache\kagglehub\datasets\grassknoted\asl-alphabet\versions\1\asl_alphabet_train\asl_alphabet_train\B\B1008.jpg,B
C:\Users\samri\.cache\kagglehub\datasets\grassknoted\asl-alphabet\versions\1\asl_alphabet_train\asl_alphabet_train\B\B1009.jpg,B
C:\Users\samri\.cache\kagglehub\datasets\grassknoted\asl-alphabet\versions\1\asl_alphabet_train\asl_alphabet_train\B\B1010.jpg,B
C:\Users\samri\.cache\kagglehub\datasets\grassknoted\asl-alphabet\versions\1\asl_alphabet_train\asl_alphabet_train\B\B1011.jpg,B
C:\Users\samri\.cache\kagglehub\datasets\grassknoted\asl-alphabet\versions\1\asl_alphabet_train\asl_alphabet_train\B\B1012.jpg,B
C:\Users\samri\.cache\kagglehub\datasets\grassknoted\asl-alphabet\versions\1\asl_alphabet_train\asl_alphabet_train\B\B1013.jpg,B
C:\Users\samri\.cache\kagglehub\datasets\grassknoted\asl-alphabet\versions\1\asl_alphabet_train\asl_alphabet_train\B\B1014.jpg,B
C:\Users\samri\.cache\kagglehub\datasets\grassknoted\asl-alphabet\versions\1\asl_alphabet_train\asl_alphabet_train\B\B1015.jpg,B
C:\Users\samri\.cache\kagglehub\datasets\grassknoted\asl-alphabet\versions\1\asl_alphabet_train\asl_alphabet_train\B\B1016.jpg,B
C:\Users\samri\.cache\kagglehub\datasets\grassknoted\asl-alphabet\versions\1\asl_alphabet_train\asl_alphabet_train\B\B1017.jpg,B
C:\Users\samri\.cache\kagglehub\datasets\grassknoted\asl-alphabet\versions\1\asl_alphabet_train\asl_alphabet_train\B\B1018.jpg,B
C:\Users\samri\.cache\kagglehub\datasets\grassknoted\asl-alphabet\versions\1\asl_alphabet_train\asl_alphabet_train\B\B1019.jpg,B
C:\Users\samri\.cache\kagglehub\datasets\grassknoted\asl-alphabet\versions\1\asl_alphabet_train\asl_alphabet_train\B\B1020.jpg,B
C:\Users\samri\.cache\kagglehub\datasets\grassknoted\asl-alphabet\versions\1\asl_alphabet_train\asl_alphabet_train\B\B1021.jpg,B
C:\Users\samri\.cache\kagglehub\datasets\grassknoted\asl-alphabet\versions\1\asl_alphabet_train\asl_alphabet_train\B\B1022.jpg,B
C:\Users\samri\.cache\kagglehub\datasets\grassknoted\asl-alphabet\versions\1\asl_alphabet_train\asl_alphabet_train\B\B1023.jpg,B
C:\Users\samri\.cache\kagglehub\datasets\grassknoted\asl-alphabet\versions\1\asl_alphabet_train\asl_alphabet_train\B\B1024.jpg,B
C:\Users\samri\.cache\kagglehub\datasets\grassknoted\asl-alphabet\versions\1\asl_alphabet_train\asl_alphabet_train\B\B1025.jpg,B
C:\Users\samri\.cache\kagglehub\datasets\grassknoted\asl-alphabet\versions\1\asl_alphabet_train\asl_alphabet_train\B\B1026.jpg,B
C:\Users\samri\.cache\kagglehub\datasets\grassknoted\asl-alphabet\versions\1\asl_alphabet_train\asl_alphabet_train\B\B1027.jpg,B
C:\Users\samri\.cache\kagglehub\datasets\grassknoted\asl-alphabet\versions\1\asl_alphabet_train\asl_alphabet_train\B\B1028.jpg,B
C:\Users\samri\.cache\kagglehub\datasets\grassknoted\asl-alphabet\versions\1\asl_alphabet_train\asl_alphabet_train\B\B1029.jpg,B
C:\Users\samri\.cache\kagglehub\datasets\grassknoted\asl-alphabet\versions\1\asl_alphabet_train\asl_alphabet_train\B\B1030.jpg,B
C:\Users\samri\.cache\kagglehub\datasets\grassknoted\asl-alphabet\versions\1\asl_alphabet_train\asl_alphabet_train\B\B1031.jpg,B
C:\Users\samri\.cache\kagglehub\datasets\grassknoted\asl-alphabet\versions\1\asl_alphabet_train\asl_alphabet_train\B\B1032.jpg,B
C:\Users\samri\.cache\kagglehub\datasets\grassknoted\asl-alphabet\versions\1\asl_alphabet_train\asl_alphabet_train\B\B1033.jpg,B
C:\Users\samri\.cache\kagglehub\datasets\grassknoted\asl-alphabet\versions\1\asl_alphabet_train\asl_alphabet_train\B\B1034.jpg,B
C:\Users\samri\.cache\kagglehub\datasets\grassknoted\asl-alphabet\versions\1\asl_alphabet_train\asl_alphabet_train\B\B1035.jpg,B
C:\Users\samri\.cache\kagglehub\datasets\grassknoted\asl-alphabet\versions\1\asl_alphabet_train\asl_alphabet_train\B\B1036.jpg,B
C:\Users\samri\.cache\kagglehub\datasets\grassknoted\asl-alphabet\versions\1\asl_alphabet_train\asl_alphabet_train\B\B1037.jpg,B
C:\Users\samri\.cache\kagglehub\datasets\grassknoted\asl-alphabet\versions\1\asl_alphabet_train\asl_alphabet_train\B\B1038.jpg,B
C:\Users\samri\.cache\kagglehub\datasets\grassknoted\asl-alphabet\versions\1\asl_alphabet_train\asl_alphabet_train\B\B1039.jpg,B
C:\Users\samri\.cache\kagglehub\datasets\grassknoted\asl-alphabet\versions\1\asl_alphabet_train\asl_alphabet_train\B\B1040.jpg,B
C:\Users\samri\.cache\kagglehub\datasets\grassknoted\asl-alphabet\versions\1\asl_alphabet_train\asl_alphabet_train\B\B1041.jpg,B
C:\Users\samri\.cache\kagglehub\datasets\grassknoted\asl-alphabet\versions\1\asl_alphabet_train\asl_alphabet_train\B\B1042.jpg,B
C:\Users\samri\.cache\kagglehub\datasets\grassknoted\asl-alphabet\versions\1\asl_alphabet_train\asl_alphabet_train\C\C100.jpg,C
C:\Users\samri\.cache\kagglehub\datasets\grassknoted\asl-alphabet\versions\1\asl_alphabet_train\asl_alphabet_train\C\C1001.jpg,C
C:\Users\samri\.cache\kagglehub\datasets\grassknoted\asl-alphabet\versions\1\asl_alphabet_train\asl_alphabet_train\C\C1002.jpg,C
C:\Users\samri\.cache\kagglehub\datasets\grassknoted\asl-alphabet\versions\1\asl_alphabet_train\asl_alphabet_train\C\C1003.jpg,C
C:\Users\samri\.cache\kagglehub\datasets\grassknoted\asl-alphabet\versions\1\asl_alphabet_train\asl_alphabet_train\C\C1004.jpg,C
C:\Users\samri\.cache\kagglehub\datasets\grassknoted\asl-alphabet\versions\1\asl_alphabet_train\asl_alphabet_train\C\C1005.jpg,C
C:\Users\samri\.cache\kagglehub\datasets\grassknoted\asl-alphabet\versions\1\asl_alphabet_train\asl_alphabet_train\C\C1006.jpg,C
C:\Users\samri\.cache\kagglehub\datasets\grassknoted\asl-alphabet\versions\1\asl_alphabet_train\asl_alphabet_train\C\C1007.jpg,C
C:\Users\samri\.cache\kagglehub\datasets\grassknoted\asl-alphabet\versions\1\asl_alphabet_train\asl_alphabet_train\C\C1008.jpg,C
C:\Users\samri\.cache\kagglehub\datasets\grassknoted\asl-alphabet\versions\1\asl_alphabet_train\asl_alphabet_train\C\C1009.jpg,C
C:\Users\samri\.cache\kagglehub\datasets\grassknoted\asl-alphabet\versions\1\asl_alphabet_train\asl_alphabet_train\C\C101.jpg,C
C:\Users\samri\.cache\kagglehub\datasets\grassknoted\asl-alphabet\versions\1\asl_alphabet_train\asl_alphabet_train\C\C1010.jpg,C
C:\Users\samri\.cache\kagglehub\datasets\grassknoted\asl-alphabet\versions\1\asl_alphabet_train\asl_alphabet_train\C\C1011.jpg,C
C:\Users\samri\.cache\kagglehub\datasets\grassknoted\asl-alphabet\versions\1\asl_alphabet_train\asl_alphabet_train\C\C1012.jpg,C
C:\Users\samri\.cache\kagglehub\datasets\grassknoted\asl-alphabet\versions\1\asl_alphabet_train\asl_alphabet_train\C\C1013.jpg,C
C:\Users\samri\.cache\kagglehub\datasets\grassknoted\asl-alphabet\versions\1\asl_alphabet_train\asl_alphabet_train\C\C1014.jpg,C
C:\Users\samri\.cache\kagglehub\datasets\grassknoted\asl-alphabet\versions\1\asl_alphabet_train\asl_alphabet_train\C\C1015.jpg,C
C:\Users\samri\.cache\kagglehub\datasets\grassknoted\asl-alphabet\versions\1\asl_alphabet_train\asl_alphabet_train\C\C1016.jpg,C
C:\Users\samri\.cache\kagglehub\datasets\grassknoted\asl-alphabet\versions\1\asl_alphabet_train\asl_alphabet_train\C\C1017.jpg,C
C:\Users\samri\.cache\kagglehub\datasets\grassknoted\asl-alphabet\versions\1\asl_alphabet_train\asl_alphabet_train\C\C1018.jpg,C
C:\Users\samri\.cache\kagglehub\datasets\grassknoted\asl-alphabet\versions\1\asl_alphabet_train\asl_alphabet_train\C\C1019.jpg,C
C:\Users\samri\.cache\kagglehub\datasets\grassknoted\asl-alphabet\versions\1\asl_alphabet_train\asl_alphabet_train\C\C102.jpg,C
C:\Users\samri\.cache\kagglehub\datasets\grassknoted\asl-alphabet\versions\1\asl_alphabet_train\asl_alphabet_train\C\C1020.jpg,C
C:\Users\samri\.cache\kagglehub\datasets\grassknoted\asl-alphabet\versions\1\asl_alphabet_train\asl_alphabet_train\C\C1021.jpg,C
C:\Users\samri\.cache\kagglehub\datasets\grassknoted\asl-alphabet\versions\1\asl_alphabet_train\asl_alphabet_train\C\C1022.jpg,C
C:\Users\samri\.cache\kagglehub\datasets\grassknoted\asl-alphabet\versions\1\asl_alphabet_train\asl_alphabet_train\C\C1023.jpg,C
C:\Users\samri\.cache\kagglehub\datasets\grassknoted\asl-alphabet\versions\1\asl_alphabet_train\asl_alphabet_train\C\C1024.jpg,C
C:\Users\samri\.cache\kagglehub\datasets\grassknoted\asl-alphabet\versions\1\asl_alphabet_train\asl_alphabet_train\C\C1025.jpg,C
C:\Users\samri\.cache\kagglehub\datasets\grassknoted\asl-alphabet\versions\1\asl_alphabet_train\asl_alphabet_train\C\C1026.jpg,C
C:\Users\samri\.cache\kagglehub\datasets\grassknoted\asl-alphabet\versions\1\asl_alphabet_train\asl_alphabet_train\C\C1027.jpg,C
C:\Users\samri\.cache\kagglehub\datasets\grassknoted\asl-alphabet\versions\1\asl_alphabet_train\asl_alphabet_train\C\C1028.jpg,C
C:\Users\samri\.cache\kagglehub\datasets\grassknoted\asl-alphabet\versions\1\asl_alphabet_train\asl_alphabet_train\C\C1029.jpg,C
C:\Users\samri\.cache\kagglehub\datasets\grassknoted\asl-alphabet\versions\1\asl_alphabet_train\asl_alphabet_train\C\C103.jpg,C
C:\Users\samri\.cache\kagglehub\datasets\grassknoted\asl-alphabet\versions\1\asl_alphabet_train\asl_alphabet_train\C\C1030.jpg,C
C:\Users\samri\.cache\kagglehub\datasets\grassknoted\asl-alphabet\versions\1\asl_alphabet_train\asl_alphabet_train\C\C1031.jpg,C
C:\Users\samri\.cache\kagglehub\datasets\grassknoted\asl-alphabet\versions\1\asl_alphabet_train\asl_alphabet_train\C\C1032.jpg,C
C:\Users\samri\.cache\kagglehub\datasets\grassknoted\asl-alphabet\versions\1\asl_alphabet_train\asl_alphabet_train\C\C1033.jpg,C
C:\Users\samri\.cache\kagglehub\datasets\grassknoted\asl-alphabet\versions\1\asl_alphabet_train\asl_alphabet_train\C\C1034.jpg,C
C:\Users\samri\.cache\kagglehub\datasets\grassknoted\asl-alphabet\versions\1\asl_alphabet_train\asl_alphabet_train\C\C1035.jpg,C
C:\Users\samri\.cache\kagglehub\datasets\grassknoted\asl-alphabet\versions\1\asl_alphabet_train\asl_alphabet_train\C\C1036.jpg,C
C:\Users\samri\.cache\kagglehub\datasets\grassknoted\asl-alphabet\versions\1\asl_alphabet_train\asl_alphabet_train\C\C1037.jpg,C
C:\Users\samri\.cache\kagglehub\datasets\grassknoted\asl-alphabet\versions\1\asl_alphabet_train\asl_alphabet_train\C\C1038.jpg,C
C:\Users\samri\.cache\kagglehub\datasets\grassknoted\asl-alphabet\versions\1\asl_alphabet_train\asl_alphabet_train\C\C1039.jpg,C
C:\Users\samri\.cache\kagglehub\datasets\grassknoted\asl-alphabet\versions\1\asl_alphabet_train\asl_alphabet_train\C\C104.jpg,C
C:\Users\samri\.cache\kagglehub\datasets\grassknoted\asl-alphabet\versions\1\asl_alphabet_train\asl_alphabet_train\C\C1040.jpg,C
C:\Users\samri\.cache\kagglehub\datasets\grassknoted\asl-alphabet\versions\1\asl_alphabet_train\asl_alphabet_train\C\C1041.jpg,C
C:\Users\samri\.cache\kagglehub\datasets\grassknoted\asl-alphabet\versions\1\asl_alphabet_train\asl_alphabet_train\C\C1042.jpg,C
C:\Users\samri\.cache\kagglehub\datasets\grassknoted\asl-alphabet\versions\1\asl_alphabet_train\asl_alphabet_train\D\D100.jpg,D
C:\Users\samri\.cache\kagglehub\datasets\grassknoted\asl-alphabet\versions\1\asl_alphabet_train\asl_alphabet_train\D\D1000.jpg,D
C:\Users\samri\.cache\kagglehub\datasets\grassknoted\asl-alphabet\versions\1\asl_alphabet_train\asl_alphabet_train\D\D1001.jpg,D
C:\Users\samri\.cache\kagglehub\datasets\grassknoted\asl-alphabet\versions\1\asl_alphabet_train\asl_alphabet_train\D\D1002.jpg,D
C:\Users\samri\.cache\kagglehub\datasets\grassknoted\asl-alphabet\versions\1\asl_alphabet_train\asl_alphabet_train\D\D1003.jpg,D
C:\Users\samri\.cache\kagglehub\datasets\grassknoted\asl-alphabet\versions\1\asl_alphabet_train\asl_alphabet_train\D\D1004.jpg,D
C:\Users\samri\.cache\kagglehub\datasets\grassknoted\asl-alphabet\versions\1\asl_alphabet_train\asl_alphabet_train\D\D1005.jpg,D
C:\Users\samri\.cache\kagglehub\datasets\grassknoted\asl-alphabet\versions\1\asl_alphabet_train\asl_alphabet_train\D\D1006.jpg,D
C:\Users\samri\.cache\kagglehub\datasets\grassknoted\asl-alphabet\versions\1\asl_alphabet_train\asl_alphabet_train\D\D1007.jpg,D
C:\Users\samri\.cache\kagglehub\datasets\grassknoted\asl-alphabet\versions\1\asl_alphabet_train\asl_alphabet_train\D\D1008.jpg,D
C:\Users\samri\.cache\kagglehub\datasets\grassknoted\asl-alphabet\versions\1\asl_alphabet_train\asl_alphabet_train\D\D1009.jpg,D
C:\Users\samri\.cache\kagglehub\datasets\grassknoted\asl-alphabet\versions\1\asl_alphabet_train\asl_alphabet_train\D\D101.jpg,D
C:\Users\samri\.cache\kagglehub\datasets\grassknoted\asl-alphabet\versions\1\asl_alphabet_train\asl_alphabet_train\D\D1010.jpg,D
C:\Users\samri\.cache\kagglehub\datasets\grassknoted\asl-alphabet\versions\1\asl_alphabet_train\asl_alphabet_train\D\D1011.jpg,D
C:\Users\samri\.cache\kagglehub\datasets\grassknoted\asl-alphabet\versions\1\asl_alphabet_train\asl_alphabet_train\D\D1012.jpg,D
C:\Users\samri\.cache\kagglehub\datasets\grassknoted\asl-alphabet\versions\1\asl_alphabet_train\asl_alphabet_train\D\D1013.jpg,D
C:\Users\samri\.cache\kagglehub\datasets\grassknoted\asl-alphabet\versions\1\asl_alphabet_train\asl_alphabet_train\D\D1014.jpg,D
C:\Users\samri\.cache\kagglehub\datasets\grassknoted\asl-alphabet\versions\1\asl_alphabet_train\asl_alphabet_train\D\D1015.jpg,D
C:\Users\samri\.cache\kagglehub\datasets\grassknoted\asl-alphabet\versions\1\asl_alphabet_train\asl_alphabet_train\D\D1016.jpg,D
C:\Users\samri\.cache\kagglehub\datasets\grassknoted\asl-alphabet\versions\1\asl_alphabet_train\asl_alphabet_train\D\D1017.jpg,D
C:\Users\samri\.cache\kagglehub\datasets\grassknoted\asl-alphabet\versions\1\asl_alphabet_train\asl_alphabet_train\D\D1018.jpg,D
C:\Users\samri\.cache\kagglehub\datasets\grassknoted\asl-alphabet\versions\1\asl_alphabet_train\asl_alphabet_train\D\D1019.jpg,D
C:\Users\samri\.cache\kagglehub\datasets\grassknoted\asl-alphabet\versions\1\asl_alphabet_train\asl_alphabet_train\D\D102.jpg,D
C:\Users\samri\.cache\kagglehub\datasets\grassknoted\asl-alphabet\versions\1\asl_alphabet_train\asl_alphabet_train\D\D1020.jpg,D
C:\Users\samri\.cache\kagglehub\datasets\grassknoted\asl-alphabet\versions\1\asl_alphabet_train\asl_alphabet_train\D\D1021.jpg,D
C:\Users\samri\.cache\kagglehub\datasets\grassknoted\asl-alphabet\versions\1\asl_alphabet_train\asl_alphabet_train\D\D1022.jpg,D
C:\Users\samri\.cache\kagglehub\datasets\grassknoted\asl-alphabet\versions\1\asl_alphabet_train\asl_alphabet_train\D\D1023.jpg,D
C:\Users\samri\.cache\kagglehub\datasets\grassknoted\asl-alphabet\versions\1\asl_alphabet_train\asl_alphabet_train\D\D1024.jpg,D
C:\Users\samri\.cache\kagglehub\datasets\grassknoted\asl-alphabet\versions\1\asl_alphabet_train\asl_alphabet_train\D\D1025.jpg,D
C:\Users\samri\.cache\kagglehub\datasets\grassknoted\asl-alphabet\versions\1\asl_alphabet_train\asl_alphabet_train\D\D1026.jpg,D
C:\Users\samri\.cache\kagglehub\datasets\grassknoted\asl-alphabet\versions\1\asl_alphabet_train\asl_alphabet_train\D\D1027.jpg,D
C:\Users\samri\.cache\kagglehub\datasets\grassknoted\asl-alphabet\versions\1\asl_alphabet_train\asl_alphabet_train\D\D1028.jpg,D
C:\Users\samri\.cache\kagglehub\datasets\grassknoted\asl-alphabet\versions\1\asl_alphabet_train\asl_alphabet_train\D\D1029.jpg,D
C:\Users\samri\.cache\kagglehub\datasets\grassknoted\asl-alphabet\versions\1\asl_alphabet_train\asl_alphabet_train\D\D103.jpg,D
C:\Users\samri\.cache\kagglehub\datasets\grassknoted\asl-alphabet\versions\1\asl_alphabet_train\asl_alphabet_train\D\D1030.jpg,D
C:\Users\samri\.cache\kagglehub\datasets\grassknoted\asl-alphabet\versions\1\asl_alphabet_train\asl_alphabet_train\D\D1031.jpg,D
C:\Users\samri\.cache\kagglehub\datasets\grassknoted\asl-alphabet\versions\1\asl_alphabet_train\asl_alphabet_train\D\D1032.jpg,D
C:\Users\samri\.cache\kagglehub\datasets\grassknoted\asl-alphabet\versions\1\asl_alphabet_train\asl_alphabet_train\D\D1033.jpg,D
C:\Users\samri\.cache\kagglehub\datasets\grassknoted\asl-alphabet\versions\1\asl_alphabet_train\asl_alphabet_train\D\D1034.jpg,D
C:\Users\samri\.cache\kagglehub\datasets\grassknoted\asl-alphabet\versions\1\asl_alphabet_train\asl_alphabet_train\D\D1035.jpg,D
C:\Users\samri\.cache\kagglehub\datasets\grassknoted\asl-alphabet\versions\1\asl_alphabet_train\asl_alphabet_train\D\D1036.jpg,D
C:\Users\samri\.cache\kagglehub\datasets\grassknoted\asl-alphabet\versions\1\asl_alphabet_train\asl_alphabet_train\D\D1037.jpg,D
C:\Users\samri\.cache\kagglehub\datasets\grassknoted\asl-alphabet\versions\1\asl_alphabet_train\asl_alphabet_train\D\D1038.jpg,D
C:\Users\samri\.cache\kagglehub\datasets\grassknoted\asl-alphabet\versions\1\asl_alphabet_train\asl_alphabet_train\D\D1039.jpg,D
C:\Users\samri\.cache\kagglehub\datasets\grassknoted\asl-alphabet\versions\1\asl_alphabet_train\asl_alphabet_train\D\D104.jpg,D
C:\Users\samri\.cache\kagglehub\datasets\grassknoted\asl-alphabet\versions\1\asl_alphabet_train\asl_alphabet_train\D\D1040.jpg,D
C:\Users\samri\.cache\kagglehub\datasets\grassknoted\asl-alphabet\versions\1\asl_alphabet_train\asl_alphabet_train\D\D1041.jpg,D
C:\Users\samri\.cache\kagglehub\datasets\grassknoted\asl-alphabet\versions\1\asl_alphabet_train\asl_alphabet_train\D\D1042.jpg,D
C:\Users\samri\.cache\kagglehub\datasets\grassknoted\asl-alphabet\versions\1\asl_alphabet_train\asl_alphabet_train\del\del1003.jpg,del
C:\Users\samri\.cache\kagglehub\datasets\grassknoted\asl-alphabet\versions\1\asl_alphabet_train\asl_alphabet_train\del\del1004.jpg,del
C:\Users\samri\.cache\kagglehub\datasets\grassknoted\asl-alphabet\versions\1\asl_alphabet_train\asl_alphabet_train\del\del1005.jpg,del
C:\Users\samri\.cache\kagglehub\datasets\grassknoted\asl-alphabet\versions\1\asl_alphabet_train\asl_alphabet_train\del\del1006.jpg,del
C:\Users\samri\.cache\kagglehub\datasets\grassknoted\asl-alphabet\versions\1\asl_alphabet_train\asl_alphabet_train\del\del1007.jpg,del
C:\Users\samri\.cache\kagglehub\datasets\grassknoted\asl-alphabet\versions\1\asl_alphabet_train\asl_alphabet_train\del\del1008.jpg,del
C:\Users\samri\.cache\kagglehub\datasets\grassknoted\asl-alphabet\versions\1\asl_alphabet_train\asl_alphabet_train\del\del1009.jpg,del
C:\Users\samri\.cache\kagglehub\datasets\grassknoted\asl-alphabet\versions\1\asl_alphabet_train\asl_alphabet_train\del\del1010.jpg,del
C:\Users\samri\.cache\kagglehub\datasets\grassknoted\asl-alphabet\versions\1\asl_alphabet_train\asl_alphabet_train\del\del1012.jpg,del
C:\Users\samri\.cache\kagglehub\datasets\grassknoted\asl-alphabet\versions\1\asl_alphabet_train\asl_alphabet_train\del\del1013.jpg,del
C:\Users\samri\.cache\kagglehub\datasets\grassknoted\asl-alphabet\versions\1\asl_alphabet_train\asl_alphabet_train\del\del1015.jpg,del
C:\Users\samri\.cache\kagglehub\datasets\grassknoted\asl-alphabet\versions\1\asl_alphabet_train\asl_alphabet_train\del\del1016.jpg,del
C:\Users\samri\.cache\kagglehub\datasets\grassknoted\asl-alphabet\versions\1\asl_alphabet_train\asl_alphabet_train\del\del1017.jpg,del
C:\Users\samri\.cache\kagglehub\datasets\grassknoted\asl-alphabet\versions\1\asl_alphabet_train\asl_alphabet_train\del\del1018.jpg,del
C:\Users\samri\.cache\kagglehub\datasets\grassknoted\asl-alphabet\versions\1\asl_alphabet_train\asl_alphabet_train\del\del1019.jpg,del
C:\Users\samri\.cache\kagglehub\datasets\grassknoted\asl-alphabet\versions\1\asl_alphabet_train\asl_alphabet_train\del\del1021.jpg,del
C:\Users\samri\.cache\kagglehub\datasets\grassknoted\asl-alphabet\versions\1\asl_alphabet_train\asl_alphabet_train\del\del1022.jpg,del
C:\Users\samri\.cache\kagglehub\datasets\grassknoted\asl-alphabet\versions\1\asl_alphabet_train\asl_alphabet_train\del\del1023.jpg,del
C:\Users\samri\.cache\kagglehub\datasets\grassknoted\asl-alphabet\versions\1\asl_alphabet_train\asl_alphabet_train\del\del1024.jpg,del
C:\Users\samri\.cache\kagglehub\datasets\grassknoted\asl-alphabet\versions\1\asl_alphabet_train\asl_alphabet_train\del\del1025.jpg,del
C:\Users\samri\.cache\kagglehub\datasets\grassknoted\asl-alphabet\versions\1\asl_alphabet_train\asl_alphabet_train\del\del1026.jpg,del
C:\Users\samri\.cache\kagglehub\datasets\grassknoted\asl-alphabet\versions\1\asl_alphabet_train\asl_alphabet_train\del\del1027.jpg,del
C:\Users\samri\.cache\kagglehub\datasets\grassknoted\asl-alphabet\versions\1\asl_alphabet_train\asl_alphabet_train\del\del1028.jpg,del
C:\Users\samri\.cache\kagglehub\datasets\grassknoted\asl-alphabet\versions\1\asl_alphabet_train\asl_alphabet_train\del\del1029.jpg,del
C:\Users\samri\.cache\kagglehub\datasets\grassknoted\asl-alphabet\versions\1\asl_alphabet_train\asl_alphabet_train\del\del103.jpg,del
C:\Users\samri\.cache\kagglehub\datasets\grassknoted\asl-alphabet\versions\1\asl_alphabet_train\asl_alphabet_train\del\del1030.jpg,del
C:\Users\samri\.cache\kagglehub\datasets\grassknoted\asl-alphabet\versions\1\asl_alphabet_train\asl_alphabet_train\del\del1032.jpg,del
C:\Users\samri\.cache\kagglehub\datasets\grassknoted\asl-alphabet\versions\1\asl_alphabet_train\asl_alphabet_train\del\del1033.jpg,del
C:\Users\samri\.cache\kagglehub\datasets\grassknoted\asl-alphabet\versions\1\asl_alphabet_train\asl_alphabet_train\del\del1036.jpg,del
C:\Users\samri\.cache\kagglehub\datasets\grassknoted\asl-alphabet\versions\1\asl_alphabet_train\asl_alphabet_train\del\del1038.jpg,del
C:\Users\samri\.cache\kagglehub\datasets\grassknoted\asl-alphabet\versions\1\asl_alphabet_train\asl_alphabet_train\del\del1039.jpg,del
C:\Users\samri\.cache\kagglehub\datasets\grassknoted\asl-alphabet\versions\1\asl_alphabet_train\asl_alphabet_train\del\del1040.jpg,del
C:\Users\samri\.cache\kagglehub\datasets\grassknoted\asl-alphabet\versions\1\asl_alphabet_train\asl_alphabet_train\E\E1000.jpg,E
C:\Users\samri\.cache\kagglehub\datasets\grassknoted\asl-alphabet\versions\1\asl_alphabet_train\asl_alphabet_train\E\E1001.jpg,E
C:\Users\samri\.cache\kagglehub\datasets\grassknoted\asl-alphabet\versions\1\asl_alphabet_train\asl_alphabet_train\E\E1002.jpg,E
C:\Users\samri\.cache\kagglehub\datasets\grassknoted\asl-alphabet\versions\1\asl_alphabet_train\asl_alphabet_train\E\E1003.jpg,E
C:\Users\samri\.cache\kagglehub\datasets\grassknoted\asl-alphabet\versions\1\asl_alphabet_train\asl_alphabet_train\E\E1004.jpg,E
C:\Users\samri\.cache\kagglehub\datasets\grassknoted\asl-alphabet\versions\1\asl_alphabet_train\asl_alphabet_train\E\E1005.jpg,E
C:\Users\samri\.cache\kagglehub\datasets\grassknoted\asl-alphabet\versions\1\asl_alphabet_train\asl_alphabet_train\E\E1006.jpg,E
C:\Users\samri\.cache\kagglehub\datasets\grassknoted\asl-alphabet\versions\1\asl_alphabet_train\asl_alphabet_train\E\E1007.jpg,E
C:\Users\samri\.cache\kagglehub\datasets\grassknoted\asl-alphabet\versions\1\asl_alphabet_train\asl_alphabet_train\E\E1008.jpg,E
C:\Users\samri\.cache\kagglehub\datasets\grassknoted\asl-alphabet\versions\1\asl_alphabet_train\asl_alphabet_train\E\E1009.jpg,E
C:\Users\samri\.cache\kagglehub\datasets\grassknoted\asl-alphabet\versions\1\asl_alphabet_train\asl_alphabet_train\E\E101.jpg,E
C:\Users\samri\.cache\kagglehub\datasets\grassknoted\asl-alphabet\versions\1\asl_alphabet_train\asl_alphabet_train\E\E1010.jpg,E
C:\Users\samri\.cache\kagglehub\datasets\grassknoted\asl-alphabet\versions\1\asl_alphabet_train\asl_alphabet_train\E\E1011.jpg,E
C:\Users\samri\.cache\kagglehub\datasets\grassknoted\asl-alphabet\versions\1\asl_alphabet_train\asl_alphabet_train\E\E1012.jpg,E
C:\Users\samri\.cache\kagglehub\datasets\grassknoted\asl-alphabet\versions\1\asl_alphabet_train\asl_alphabet_train\E\E1013.jpg,E
C:\Users\samri\.cache\kagglehub\datasets\grassknoted\asl-alphabet\versions\1\asl_alphabet_train\asl_alphabet_train\E\E1014.jpg,E
C:\Users\samri\.cache\kagglehub\datasets\grassknoted\asl-alphabet\versions\1\asl_alphabet_train\asl_alphabet_train\E\E1015.jpg,E
C:\Users\samri\.cache\kagglehub\datasets\grassknoted\asl-alphabet\versions\1\asl_alphabet_train\asl_alphabet_train\E\E1016.jpg,E
C:\Users\samri\.cache\kagglehub\datasets\grassknoted\asl-alphabet\versions\1\asl_alphabet_train\asl_alphabet_train\E\E1017.jpg,E
C:\Users\samri\.cache\kagglehub\datasets\grassknoted\asl-alphabet\versions\1\asl_alphabet_train\asl_alphabet_train\E\E1018.jpg,E
C:\Users\samri\.cache\kagglehub\datasets\grassknoted\asl-alphabet\versions\1\asl_alphabet_train\asl_alphabet_train\E\E1019.jpg,E
C:\Users\samri\.cache\kagglehub\datasets\grassknoted\asl-alphabet\versions\1\asl_alphabet_train\asl_alphabet_train\E\E1020.jpg,E
C:\Users\samri\.cache\kagglehub\datasets\grassknoted\asl-alphabet\versions\1\asl_alphabet_train\asl_alphabet_train\E\E1021.jpg,E
C:\Users\samri\.cache\kagglehub\datasets\grassknoted\asl-alphabet\versions\1\asl_alphabet_train\asl_alphabet_train\E\E1022.jpg,E
C:\Users\samri\.cache\kagglehub\datasets\grassknoted\asl-alphabet\versions\1\asl_alphabet_train\asl_alphabet_train\E\E1023.jpg,E
C:\Users\samri\.cache\kagglehub\datasets\grassknoted\asl-alphabet\versions\1\asl_alphabet_train\asl_alphabet_train\E\E1024.jpg,E
C:\Users\samri\.cache\kagglehub\datasets\grassknoted\asl-alphabet\versions\1\asl_alphabet_train\asl_alphabet_train\E\E1025.jpg,E
C:\Users\samri\.cache\kagglehub\datasets\grassknoted\asl-alphabet\versions\1\asl_alphabet_train\asl_alphabet_train\E\E1026.jpg,E
C:\Users\samri\.cache\kagglehub\datasets\grassknoted\asl-alphabet\versions\1\asl_alphabet_train\asl_alphabet_train\E\E1027.jpg,E
C:\Users\samri\.cache\kagglehub\datasets\grassknoted\asl-alphabet\versions\1\asl_alphabet_train\asl_alphabet_train\E\E1028.jpg,E
C:\Users\samri\.cache\kagglehub\datasets\grassknoted\asl-alphabet\versions\1\asl_alphabet_train\asl_alphabet_train\E\E1029.jpg,E
C:\Users\samri\.cache\kagglehub\datasets\grassknoted\asl-alphabet\versions\1\asl_alphabet_train\asl_alphabet_train\E\E103.jpg,E
C:\Users\samri\.cache\kagglehub\datasets\grassknoted\asl-alphabet\versions\1\asl_alphabet_train\asl_alphabet_train\E\E1030.jpg,E
C:\Users\samri\.cache\kagglehub\datasets\grassknoted\asl-alphabet\versions\1\asl_alphabet_train\asl_alphabet_train\E\E1031.jpg,E
C:\Users\samri\.cache\kagglehub\datasets\grassknoted\asl-alphabet\versions\1\asl_alphabet_train\asl_alphabet_train\E\E1032.jpg,E
C:\Users\samri\.cache\kagglehub\datasets\grassknoted\asl-alphabet\versions\1\asl_alphabet_train\asl_alphabet_train\E\E1033.jpg,E
C:\Users\samri\.cache\kagglehub\datasets\grassknoted\asl-alphabet\versions\1\asl_alphabet_train\asl_alphabet_train\E\E1034.jpg,E
C:\Users\samri\.cache\kagglehub\datasets\grassknoted\asl-alphabet\versions\1\asl_alphabet_train\asl_alphabet_train\E\E1035.jpg,E
C:\Users\samri\.cache\kagglehub\datasets\grassknoted\asl-alphabet\versions\1\asl_alphabet_train\asl_alphabet_train\E\E1036.jpg,E
C:\Users\samri\.cache\kagglehub\datasets\grassknoted\asl-alphabet\versions\1\asl_alphabet_train\asl_alphabet_train\E\E1037.jpg,E
C:\Users\samri\.cache\kagglehub\datasets\grassknoted\asl-alphabet\versions\1\asl_alphabet_train\asl_alphabet_train\E\E1038.jpg,E
C:\Users\samri\.cache\kagglehub\datasets\grassknoted\asl-alphabet\versions\1\asl_alphabet_train\asl_alphabet_train\E\E1039.jpg,E
C:\Users\samri\.cache\kagglehub\datasets\grassknoted\asl-alphabet\versions\1\asl_alphabet_train\asl_alphabet_train\E\E104.jpg,E
C:\Users\samri\.cache\kagglehub\datasets\grassknoted\asl-alphabet\versions\1\asl_alphabet_train\asl_alphabet_train\E\E1040.jpg,E
C:\Users\samri\.cache\kagglehub\datasets\grassknoted\asl-alphabet\versions\1\asl_alphabet_train\asl_alphabet_train\E\E1041.jpg,E
C:\Users\samri\.cache\kagglehub\datasets\grassknoted\asl-alphabet\versions\1\asl_alphabet_train\asl_alphabet_train\E\E1042.jpg,E
C:\Users\samri\.cache\kagglehub\datasets\grassknoted\asl-alphabet\versions\1\asl_alphabet_train\asl_alphabet_train\F\F1.jpg,F
C:\Users\samri\.cache\kagglehub\datasets\grassknoted\asl-alphabet\versions\1\asl_alphabet_train\asl_alphabet_train\F\F10.jpg,F
C:\Users\samri\.cache\kagglehub\datasets\grassknoted\asl-alphabet\versions\1\asl_alphabet_train\asl_alphabet_train\F\F100.jpg,F
C:\Users\samri\.cache\kagglehub\datasets\grassknoted\asl-alphabet\versions\1\asl_alphabet_train\asl_alphabet_train\F\F1000.jpg,F
C:\Users\samri\.cache\kagglehub\datasets\grassknoted\asl-alphabet\versions\1\asl_alphabet_train\asl_alphabet_train\F\F1001.jpg,F
C:\Users\samri\.cache\kagglehub\datasets\grassknoted\asl-alphabet\versions\1\asl_alphabet_train\asl_alphabet_train\F\F1002.jpg,F
C:\Users\samri\.cache\kagglehub\datasets\grassknoted\asl-alphabet\versions\1\asl_alphabet_train\asl_alphabet_train\F\F1003.jpg,F
C:\Users\samri\.cache\kagglehub\datasets\grassknoted\asl-alphabet\versions\1\asl_alphabet_train\asl_alphabet_train\F\F1004.jpg,F
C:\Users\samri\.cache\kagglehub\datasets\grassknoted\asl-alphabet\versions\1\asl_alphabet_train\asl_alphabet_train\F\F1005.jpg,F
C:\Users\samri\.cache\kagglehub\datasets\grassknoted\asl-alphabet\versions\1\asl_alphabet_train\asl_alphabet_train\F\F1006.jpg,F
C:\Users\samri\.cache\kagglehub\datasets\grassknoted\asl-alphabet\versions\1\asl_alphabet_train\asl_alphabet_train\F\F1007.jpg,F
C:\Users\samri\.cache\kagglehub\datasets\grassknoted\asl-alphabet\versions\1\asl_alphabet_train\asl_alphabet_train\F\F1008.jpg,F
C:\Users\samri\.cache\kagglehub\datasets\grassknoted\asl-alphabet\versions\1\asl_alphabet_train\asl_alphabet_train\F\F1009.jpg,F
C:\Users\samri\.cache\kagglehub\datasets\grassknoted\asl-alphabet\versions\1\asl_alphabet_train\asl_alphabet_train\F\F101.jpg,F
C:\Users\samri\.cache\kagglehub\datasets\grassknoted\asl-alphabet\versions\1\asl_alphabet_train\asl_alphabet_train\F\F1010.jpg,F
C:\Users\samri\.cache\kagglehub\datasets\grassknoted\asl-alphabet\versions\1\asl_alphabet_train\asl_alphabet_train\F\F1011.jpg,F
C:\Users\samri\.cache\kagglehub\datasets\grassknoted\asl-alphabet\versions\1\asl_alphabet_train\asl_alphabet_train\F\F1012.jpg,F
C:\Users\samri\.cache\kagglehub\datasets\grassknoted\asl-alphabet\versions\1\asl_alphabet_train\asl_alphabet_train\F\F1013.jpg,F
C:\Users\samri\.cache\kagglehub\datasets\grassknoted\asl-alphabet\versions\1\asl_alphabet_train\asl_alphabet_train\F\F1014.jpg,F
C:\Users\samri\.cache\kagglehub\datasets\grassknoted\asl-alphabet\versions\1\asl_alphabet_train\asl_alphabet_train\F\F1015.jpg,F
C:\Users\samri\.cache\kagglehub\datasets\grassknoted\asl-alphabet\versions\1\asl_alphabet_train\asl_alphabet_train\F\F1016.jpg,F
C:\Users\samri\.cache\kagglehub\datasets\grassknoted\asl-alphabet\versions\1\asl_alphabet_train\asl_alphabet_train\F\F1017.jpg,F
C:\Users\samri\.cache\kagglehub\datasets\grassknoted\asl-alphabet\versions\1\asl_alphabet_train\asl_alphabet_train\F\F1018.jpg,F
C:\Users\samri\.cache\kagglehub\datasets\grassknoted\asl-alphabet\versions\1\asl_alphabet_train\asl_alphabet_train\F\F1019.jpg,F
C:\Users\samri\.cache\kagglehub\datasets\grassknoted\asl-alphabet\versions\1\asl_alphabet_train\asl_alphabet_train\F\F102.jpg,F
C:\Users\samri\.cache\kagglehub\datasets\grassknoted\asl-alphabet\versions\1\asl_alphabet_train\asl_alphabet_train\F\F1020.jpg,F
C:\Users\samri\.cache\kagglehub\datasets\grassknoted\asl-alphabet\versions\1\asl_alphabet_train\asl_alphabet_train\F\F1021.jpg,F
C:\Users\samri\.cache\kagglehub\datasets\grassknoted\asl-alphabet\versions\1\asl_alphabet_train\asl_alphabet_train\F\F1022.jpg,F
C:\Users\samri\.cache\kagglehub\datasets\grassknoted\asl-alphabet\versions\1\asl_alphabet_train\asl_alphabet_train\F\F1023.jpg,F
C:\Users\samri\.cache\kagglehub\datasets\grassknoted\asl-alphabet\versions\1\asl_alphabet_train\asl_alphabet_train\F\F1024.jpg,F
C:\Users\samri\.cache\kagglehub\datasets\grassknoted\asl-alphabet\versions\1\asl_alphabet_train\asl_alphabet_train\F\F1025.jpg,F
C:\Users\samri\.cache\kagglehub\datasets\grassknoted\asl-alphabet\versions\1\asl_alphabet_train\asl_alphabet_train\F\F1026.jpg,F
C:\Users\samri\.cache\kagglehub\datasets\grassknoted\asl-alphabet\versions\1\asl_alphabet_train\asl_alphabet_train\F\F1027.jpg,F
C:\Users\samri\.cache\kagglehub\datasets\grassknoted\asl-alphabet\versions\1\asl_alphabet_train\asl_alphabet_train\F\F1028.jpg,F
C:\Users\samri\.cache\kagglehub\datasets\grassknoted\asl-alphabet\versions\1\asl_alphabet_train\asl_alphabet_train\F\F1029.jpg,F
C:\Users\samri\.cache\kagglehub\datasets\grassknoted\asl-alphabet\versions\1\asl_alphabet_train\asl_alphabet_train\F\F103.jpg,F
C:\Users\samri\.cache\kagglehub\datasets\grassknoted\asl-alphabet\versions\1\asl_alphabet_train\asl_alphabet_train\F\F1030.jpg,F
C:\Users\samri\.cache\kagglehub\datasets\grassknoted\asl-alphabet\versions\1\asl_alphabet_train\asl_alphabet_train\F\F1031.jpg,F
C:\Users\samri\.cache\kagglehub\datasets\grassknoted\asl-alphabet\versions\1\asl_alphabet_train\asl_alphabet_train\F\F1032.jpg,F
C:\Users\samri\.cache\kagglehub\datasets\grassknoted\asl-alphabet\versions\1\asl_alphabet_train\asl_alphabet_train\F\F1033.jpg,F
C:\Users\samri\.cache\kagglehub\datasets\grassknoted\asl-alphabet\versions\1\asl_alphabet_train\asl_alphabet_train\F\F1034.jpg,F
C:\Users\samri\.cache\kagglehub\datasets\grassknoted\asl-alphabet\versions\1\asl_alphabet_train\asl_alphabet_train\F\F1035.jpg,F
C:\Users\samri\.cache\kagglehub\datasets\grassknoted\asl-alphabet\versions\1\asl_alphabet_train\asl_alphabet_train\F\F1036.jpg,F
C:\Users\samri\.cache\kagglehub\datasets\grassknoted\asl-alphabet\versions\1\asl_alphabet_train\asl_alphabet_train\F\F1037.jpg,F
C:\Users\samri\.cache\kagglehub\datasets\grassknoted\asl-alphabet\versions\1\asl_alphabet_train\asl_alphabet_train\F\F1038.jpg,F
C:\Users\samri\.cache\kagglehub\datasets\grassknoted\asl-alphabet\versions\1\asl_alphabet_train\asl_alphabet_train\F\F1039.jpg,F
C:\Users\samri\.cache\kagglehub\datasets\grassknoted\asl-alphabet\versions\1\asl_alphabet_train\asl_alphabet_train\F\F104.jpg,F
C:\Users\samri\.cache\kagglehub\datasets\grassknoted\asl-alphabet\versions\1\asl_alphabet_train\asl_alphabet_train\F\F1040.jpg,F
C:\Users\samri\.cache\kagglehub\datasets\grassknoted\asl-alphabet\versions\1\asl_alphabet_train\asl_alphabet_train\F\F1041.jpg,F
C:\Users\samri\.cache\kagglehub\datasets\grassknoted\asl-alphabet\versions\1\asl_alphabet_train\asl_alphabet_train\F\F1042.jpg,F
C:\Users\samri\.cache\kagglehub\datasets\grassknoted\asl-alphabet\versions\1\asl_alphabet_train\asl_alphabet_train\G\G1.jpg,G
C:\Users\samri\.cache\kagglehub\datasets\grassknoted\asl-alphabet\versions\1\asl_alphabet_train\asl_alphabet_train\G\G10.jpg,G
C:\Users\samri\.cache\kagglehub\datasets\grassknoted\asl-alphabet\versions\1\asl_alphabet_train\asl_alphabet_train\G\G1000.jpg,G
C:\Users\samri\.cache\kagglehub\datasets\grassknoted\asl-alphabet\versions\1\asl_alphabet_train\asl_alphabet_train\G\G1001.jpg,G
C:\Users\samri\.cache\kagglehub\datasets\grassknoted\asl-alphabet\versions\1\asl_alphabet_train\asl_alphabet_train\G\G1002.jpg,G
C:\Users\samri\.cache\kagglehub\datasets\grassknoted\asl-alphabet\versions\1\asl_alphabet_train\asl_alphabet_train\G\G1003.jpg,G
C:\Users\samri\.cache\kagglehub\datasets\grassknoted\asl-alphabet\versions\1\asl_alphabet_train\asl_alphabet_train\G\G1004.jpg,G
C:\Users\samri\.cache\kagglehub\datasets\grassknoted\asl-alphabet\versions\1\asl_alphabet_train\asl_alphabet_train\G\G1005.jpg,G
C:\Users\samri\.cache\kagglehub\datasets\grassknoted\asl-alphabet\versions\1\asl_alphabet_train\asl_alphabet_train\G\G1006.jpg,G
C:\Users\samri\.cache\kagglehub\datasets\grassknoted\asl-alphabet\versions\1\asl_alphabet_train\asl_alphabet_train\G\G1007.jpg,G
C:\Users\samri\.cache\kagglehub\datasets\grassknoted\asl-alphabet\versions\1\asl_alphabet_train\asl_alphabet_train\G\G1008.jpg,G
C:\Users\samri\.cache\kagglehub\datasets\grassknoted\asl-alphabet\versions\1\asl_alphabet_train\asl_alphabet_train\G\G1009.jpg,G
C:\Users\samri\.cache\kagglehub\datasets\grassknoted\asl-alphabet\versions\1\asl_alphabet_train\asl_alphabet_train\G\G1010.jpg,G
C:\Users\samri\.cache\kagglehub\datasets\grassknoted\asl-alphabet\versions\1\asl_alphabet_train\asl_alphabet_train\G\G1011.jpg,G
C:\Users\samri\.cache\kagglehub\datasets\grassknoted\asl-alphabet\versions\1\asl_alphabet_train\asl_alphabet_train\G\G1012.jpg,G
C:\Users\samri\.cache\kagglehub\datasets\grassknoted\asl-alphabet\versions\1\asl_alphabet_train\asl_alphabet_train\G\G1013.jpg,G
C:\Users\samri\.cache\kagglehub\datasets\grassknoted\asl-alphabet\versions\1\asl_alphabet_train\asl_alphabet_train\G\G1014.jpg,G
C:\Users\samri\.cache\kagglehub\datasets\grassknoted\asl-alphabet\versions\1\asl_alphabet_train\asl_alphabet_train\G\G1015.jpg,G
C:\Users\samri\.cache\kagglehub\datasets\grassknoted\asl-alphabet\versions\1\asl_alphabet_train\asl_alphabet_train\G\G1016.jpg,G
C:\Users\samri\.cache\kagglehub\datasets\grassknoted\asl-alphabet\versions\1\asl_alphabet_train\asl_alphabet_train\G\G1017.jpg,G
C:\Users\samri\.cache\kagglehub\datasets\grassknoted\asl-alphabet\versions\1\asl_alphabet_train\asl_alphabet_train\G\G1018.jpg,G
C:\Users\samri\.cache\kagglehub\datasets\grassknoted\asl-alphabet\versions\1\asl_alphabet_train\asl_alphabet_train\G\G1019.jpg,G
C:\Users\samri\.cache\kagglehub\datasets\grassknoted\asl-alphabet\versions\1\asl_alphabet_train\asl_alphabet_train\G\G1020.jpg,G
C:\Users\samri\.cache\kagglehub\datasets\grassknoted\asl-alphabet\versions\1\asl_alphabet_train\asl_alphabet_train\G\G1021.jpg,G
C:\Users\samri\.cache\kagglehub\datasets\grassknoted\asl-alphabet\versions\1\asl_alphabet_train\asl_alphabet_train\G\G1022.jpg,G
C:\Users\samri\.cache\kagglehub\datasets\grassknoted\asl-alphabet\versions\1\asl_alphabet_train\asl_alphabet_train\G\G1023.jpg,G
C:\Users\samri\.cache\kagglehub\datasets\grassknoted\asl-alphabet\versions\1\asl_alphabet_train\asl_alphabet_train\G\G1024.jpg,G
C:\Users\samri\.cache\kagglehub\datasets\grassknoted\asl-alphabet\versions\1\asl_alphabet_train\asl_alphabet_train\G\G1025.jpg,G
C:\Users\samri\.cache\kagglehub\datasets\grassknoted\asl-alphabet\versions\1\asl_alphabet_train\asl_alphabet_train\G\G1026.jpg,G
C:\Users\samri\.cache\kagglehub\datasets\grassknoted\asl-alphabet\versions\1\asl_alphabet_train\asl_alphabet_train\G\G1027.jpg,G
C:\Users\samri\.cache\kagglehub\datasets\grassknoted\asl-alphabet\versions\1\asl_alphabet_train\asl_alphabet_train\G\G1028.jpg,G
C:\Users\samri\.cache\kagglehub\datasets\grassknoted\asl-alphabet\versions\1\asl_alphabet_train\asl_alphabet_train\G\G1029.jpg,G
C:\Users\samri\.cache\kagglehub\datasets\grassknoted\asl-alphabet\versions\1\asl_alphabet_train\asl_alphabet_train\G\G1030.jpg,G
C:\Users\samri\.cache\kagglehub\datasets\grassknoted\asl-alphabet\versions\1\asl_alphabet_train\asl_alphabet_train\G\G1031.jpg,G
C:\Users\samri\.cache\kagglehub\datasets\grassknoted\asl-alphabet\versions\1\asl_alphabet_train\asl_alphabet_train\G\G1032.jpg,G
C:\Users\samri\.cache\kagglehub\datasets\grassknoted\asl-alphabet\versions\1\asl_alphabet_train\asl_alphabet_train\G\G1033.jpg,G
C:\Users\samri\.cache\kagglehub\datasets\grassknoted\asl-alphabet\versions\1\asl_alphabet_train\asl_alphabet_train\G\G1034.jpg,G
C:\Users\samri\.cache\kagglehub\datasets\grassknoted\asl-alphabet\versions\1\asl_alphabet_train\asl_alphabet_train\G\G1035.jpg,G
C:\Users\samri\.cache\kagglehub\datasets\grassknoted\asl-alphabet\versions\1\asl_alphabet_train\asl_alphabet_train\G\G1036.jpg,G
C:\Users\samri\.cache\kagglehub\datasets\grassknoted\asl-alphabet\versions\1\asl_alphabet_train\asl_alphabet_train\G\G1037.jpg,G
C:\Users\samri\.cache\kagglehub\datasets\grassknoted\asl-alphabet\versions\1\asl_alphabet_train\asl_alphabet_train\G\G1038.jpg,G
C:\Users\samri\.cache\kagglehub\datasets\grassknoted\asl-alphabet\versions\1\asl_alphabet_train\asl_alphabet_train\G\G1039.jpg,G
C:\Users\samri\.cache\kagglehub\datasets\grassknoted\asl-alphabet\versions\1\asl_alphabet_train\asl_alphabet_train\G\G1040.jpg,G
C:\Users\samri\.cache\kagglehub\datasets\grassknoted\asl-alphabet\versions\1\asl_alphabet_train\asl_alphabet_train\G\G1041.jpg,G
C:\Users\samri\.cache\kagglehub\datasets\grassknoted\asl-alphabet\versions\1\asl_alphabet_train\asl_alphabet_train\G\G1042.jpg,G
C:\Users\samri\.cache\kagglehub\datasets\grassknoted\asl-alphabet\versions\1\asl_alphabet_train\asl_alphabet_train\H\H100.jpg,H
C:\Users\samri\.cache\kagglehub\datasets\grassknoted\asl-alphabet\versions\1\asl_alphabet_train\asl_alphabet_train\H\H1000.jpg,H
C:\Users\samri\.cache\kagglehub\datasets\grassknoted\asl-alphabet\versions\1\asl_alphabet_train\asl_alphabet_train\H\H1001.jpg,H
C:\Users\samri\.cache\kagglehub\datasets\grassknoted\asl-alphabet\versions\1\asl_alphabet_train\asl_alphabet_train\H\H1002.jpg,H
C:\Users\samri\.cache\kagglehub\datasets\grassknoted\asl-alphabet\versions\1\asl_alphabet_train\asl_alphabet_train\H\H1003.jpg,H
C:\Users\samri\.cache\kagglehub\datasets\grassknoted\asl-alphabet\versions\1\asl_alphabet_train\asl_alphabet_train\H\H1004.jpg,H
C:\Users\samri\.cache\kagglehub\datasets\grassknoted\asl-alphabet\versions\1\asl_alphabet_train\asl_alphabet_train\H\H1005.jpg,H
C:\Users\samri\.cache\kagglehub\datasets\grassknoted\asl-alphabet\versions\1\asl_alphabet_train\asl_alphabet_train\H\H1006.jpg,H
C:\Users\samri\.cache\kagglehub\datasets\grassknoted\asl-alphabet\versions\1\asl_alphabet_train\asl_alphabet_train\H\H1007.jpg,H
C:\Users\samri\.cache\kagglehub\datasets\grassknoted\asl-alphabet\versions\1\asl_alphabet_train\asl_alphabet_train\H\H1008.jpg,H
C:\Users\samri\.cache\kagglehub\datasets\grassknoted\asl-alphabet\versions\1\asl_alphabet_train\asl_alphabet_train\H\H1009.jpg,H
C:\Users\samri\.cache\kagglehub\datasets\grassknoted\asl-alphabet\versions\1\asl_alphabet_train\asl_alphabet_train\H\H101.jpg,H
C:\Users\samri\.cache\kagglehub\datasets\grassknoted\asl-alphabet\versions\1\asl_alphabet_train\asl_alphabet_train\H\H1010.jpg,H
C:\Users\samri\.cache\kagglehub\datasets\grassknoted\asl-alphabet\versions\1\asl_alphabet_train\asl_alphabet_train\H\H1011.jpg,H
C:\Users\samri\.cache\kagglehub\datasets\grassknoted\asl-alphabet\versions\1\asl_alphabet_train\asl_alphabet_train\H\H1012.jpg,H
C:\Users\samri\.cache\kagglehub\datasets\grassknoted\asl-alphabet\versions\1\asl_alphabet_train\asl_alphabet_train\H\H1013.jpg,H
C:\Users\samri\.cache\kagglehub\datasets\grassknoted\asl-alphabet\versions\1\asl_alphabet_train\asl_alphabet_train\H\H1014.jpg,H
C:\Users\samri\.cache\kagglehub\datasets\grassknoted\asl-alphabet\versions\1\asl_alphabet_train\asl_alphabet_train\H\H1015.jpg,H
C:\Users\samri\.cache\kagglehub\datasets\grassknoted\asl-alphabet\versions\1\asl_alphabet_train\asl_alphabet_train\H\H1016.jpg,H
C:\Users\samri\.cache\kagglehub\datasets\grassknoted\asl-alphabet\versions\1\asl_alphabet_train\asl_alphabet_train\H\H1017.jpg,H
C:\Users\samri\.cache\kagglehub\datasets\grassknoted\asl-alphabet\versions\1\asl_alphabet_train\asl_alphabet_train\H\H1018.jpg,H
C:\Users\samri\.cache\kagglehub\datasets\grassknoted\asl-alphabet\versions\1\asl_alphabet_train\asl_alphabet_train\H\H1019.jpg,H
C:\Users\samri\.cache\kagglehub\datasets\grassknoted\asl-alphabet\versions\1\asl_alphabet_train\asl_alphabet_train\H\H102.jpg,H
C:\Users\samri\.cache\kagglehub\datasets\grassknoted\asl-alphabet\versions\1\asl_alphabet_train\asl_alphabet_train\H\H1020.jpg,H
C:\Users\samri\.cache\kagglehub\datasets\grassknoted\asl-alphabet\versions\1\asl_alphabet_train\asl_alphabet_train\H\H1021.jpg,H
C:\Users\samri\.cache\kagglehub\datasets\grassknoted\asl-alphabet\versions\1\asl_alphabet_train\asl_alphabet_train\H\H1022.jpg,H
C:\Users\samri\.cache\kagglehub\datasets\grassknoted\asl-alphabet\versions\1\asl_alphabet_train\asl_alphabet_train\H\H1023.jpg,H
C:\Users\samri\.cache\kagglehub\datasets\grassknoted\asl-alphabet\versions\1\asl_alphabet_train\asl_alphabet_train\H\H1024.jpg,H
C:\Users\samri\.cache\kagglehub\datasets\grassknoted\asl-alphabet\versions\1\asl_alphabet_train\asl_alphabet_train\H\H1025.jpg,H
C:\Users\samri\.cache\kagglehub\datasets\grassknoted\asl-alphabet\versions\1\asl_alphabet_train\asl_alphabet_train\H\H1026.jpg,H
C:\Users\samri\.cache\kagglehub\datasets\grassknoted\asl-alphabet\versions\1\asl_alphabet_train\asl_alphabet_train\H\H1027.jpg,H
C:\Users\samri\.cache\kagglehub\datasets\grassknoted\asl-alphabet\versions\1\asl_alphabet_train\asl_alphabet_train\H\H1028.jpg,H
C:\Users\samri\.cache\kagglehub\datasets\grassknoted\asl-alphabet\versions\1\asl_alphabet_train\asl_alphabet_train\H\H1029.jpg,H
C:\Users\samri\.cache\kagglehub\datasets\grassknoted\asl-alphabet\versions\1\asl_alphabet_train\asl_alphabet_train\H\H103.jpg,H
C:\Users\samri\.cache\kagglehub\datasets\grassknoted\asl-alphabet\versions\1\asl_alphabet_train\asl_alphabet_train\H\H1030.jpg,H
C:\Users\samri\.cache\kagglehub\datasets\grassknoted\asl-alphabet\versions\1\asl_alphabet_train\asl_alphabet_train\H\H1031.jpg,H
C:\Users\samri\.cache\kagglehub\datasets\grassknoted\asl-alphabet\versions\1\asl_alphabet_train\asl_alphabet_train\H\H1032.jpg,H
C:\Users\samri\.cache\kagglehub\datasets\grassknoted\asl-alphabet\versions\1\asl_alphabet_train\asl_alphabet_train\H\H1033.jpg,H
C:\Users\samri\.cache\kagglehub\datasets\grassknoted\asl-alphabet\versions\1\asl_alphabet_train\asl_alphabet_train\H\H1034.jpg,H
C:\Users\samri\.cache\kagglehub\datasets\grassknoted\asl-alphabet\versions\1\asl_alphabet_train\asl_alphabet_train\H\H1035.jpg,H
C:\Users\samri\.cache\kagglehub\datasets\grassknoted\asl-alphabet\versions\1\asl_alphabet_train\asl_alphabet_train\H\H1036.jpg,H
C:\Users\samri\.cache\kagglehub\datasets\grassknoted\asl-alphabet\versions\1\asl_alphabet_train\asl_alphabet_train\H\H1037.jpg,H
C:\Users\samri\.cache\kagglehub\datasets\grassknoted\asl-alphabet\versions\1\asl_alphabet_train\asl_alphabet_train\H\H1038.jpg,H
C:\Users\samri\.cache\kagglehub\datasets\grassknoted\asl-alphabet\versions\1\asl_alphabet_train\asl_alphabet_train\H\H1039.jpg,H
C:\Users\samri\.cache\kagglehub\datasets\grassknoted\asl-alphabet\versions\1\asl_alphabet_train\asl_alphabet_train\H\H104.jpg,H
C:\Users\samri\.cache\kagglehub\datasets\grassknoted\asl-alphabet\versions\1\asl_alphabet_train\asl_alphabet_train\H\H1040.jpg,H
C:\Users\samri\.cache\kagglehub\datasets\grassknoted\asl-alphabet\versions\1\asl_alphabet_train\asl_alphabet_train\H\H1041.jpg,H
C:\Users\samri\.cache\kagglehub\datasets\grassknoted\asl-alphabet\versions\1\asl_alphabet_train\asl_alphabet_train\H\H1042.jpg,H
C:\Users\samri\.cache\kagglehub\datasets\grassknoted\asl-alphabet\versions\1\asl_alphabet_train\asl_alphabet_train\I\I1.jpg,I
C:\Users\samri\.cache\kagglehub\datasets\grassknoted\asl-alphabet\versions\1\asl_alphabet_train\asl_alphabet_train\I\I10.jpg,I
C:\Users\samri\.cache\kagglehub\datasets\grassknoted\asl-alphabet\versions\1\asl_alphabet_train\asl_alphabet_train\I\I100.jpg,I
C:\Users\samri\.cache\kagglehub\datasets\grassknoted\asl-alphabet\versions\1\asl_alphabet_train\asl_alphabet_train\I\I1000.jpg,I
C:\Users\samri\.cache\kagglehub\datasets\grassknoted\asl-alphabet\versions\1\asl_alphabet_train\asl_alphabet_train\I\I1001.jpg,I
C:\Users\samri\.cache\kagglehub\datasets\grassknoted\asl-alphabet\versions\1\asl_alphabet_train\asl_alphabet_train\I\I1002.jpg,I
C:\Users\samri\.cache\kagglehub\datasets\grassknoted\asl-alphabet\versions\1\asl_alphabet_train\asl_alphabet_train\I\I1003.jpg,I
C:\Users\samri\.cache\kagglehub\datasets\grassknoted\asl-alphabet\versions\1\asl_alphabet_train\asl_alphabet_train\I\I1004.jpg,I
C:\Users\samri\.cache\kagglehub\datasets\grassknoted\asl-alphabet\versions\1\asl_alphabet_train\asl_alphabet_train\I\I1005.jpg,I
C:\Users\samri\.cache\kagglehub\datasets\grassknoted\asl-alphabet\versions\1\asl_alphabet_train\asl_alphabet_train\I\I1006.jpg,I
C:\Users\samri\.cache\kagglehub\datasets\grassknoted\asl-alphabet\versions\1\asl_alphabet_train\asl_alphabet_train\I\I1007.jpg,I
C:\Users\samri\.cache\kagglehub\datasets\grassknoted\asl-alphabet\versions\1\asl_alphabet_train\asl_alphabet_train\I\I1008.jpg,I
C:\Users\samri\.cache\kagglehub\datasets\grassknoted\asl-alphabet\versions\1\asl_alphabet_train\asl_alphabet_train\I\I1009.jpg,I
C:\Users\samri\.cache\kagglehub\datasets\grassknoted\asl-alphabet\versions\1\asl_alphabet_train\asl_alphabet_train\I\I101.jpg,I
C:\Users\samri\.cache\kagglehub\datasets\grassknoted\asl-alphabet\versions\1\asl_alphabet_train\asl_alphabet_train\I\I1010.jpg,I
C:\Users\samri\.cache\kagglehub\datasets\grassknoted\asl-alphabet\versions\1\asl_alphabet_train\asl_alphabet_train\I\I1011.jpg,I
C:\Users\samri\.cache\kagglehub\datasets\grassknoted\asl-alphabet\versions\1\asl_alphabet_train\asl_alphabet_train\I\I1012.jpg,I
C:\Users\samri\.cache\kagglehub\datasets\grassknoted\asl-alphabet\versions\1\asl_alphabet_train\asl_alphabet_train\I\I1013.jpg,I
C:\Users\samri\.cache\kagglehub\datasets\grassknoted\asl-alphabet\versions\1\asl_alphabet_train\asl_alphabet_train\I\I1014.jpg,I
C:\Users\samri\.cache\kagglehub\datasets\grassknoted\asl-alphabet\versions\1\asl_alphabet_train\asl_alphabet_train\I\I1015.jpg,I
C:\Users\samri\.cache\kagglehub\datasets\grassknoted\asl-alphabet\versions\1\asl_alphabet_train\asl_alphabet_train\I\I1016.jpg,I
C:\Users\samri\.cache\kagglehub\datasets\grassknoted\asl-alphabet\versions\1\asl_alphabet_train\asl_alphabet_train\I\I1017.jpg,I
C:\Users\samri\.cache\kagglehub\datasets\grassknoted\asl-alphabet\versions\1\asl_alphabet_train\asl_alphabet_train\I\I1018.jpg,I
C:\Users\samri\.cache\kagglehub\datasets\grassknoted\asl-alphabet\versions\1\asl_alphabet_train\asl_alphabet_train\I\I1019.jpg,I
C:\Users\samri\.cache\kagglehub\datasets\grassknoted\asl-alphabet\versions\1\asl_alphabet_train\asl_alphabet_train\I\I102.jpg,I
C:\Users\samri\.cache\kagglehub\datasets\grassknoted\asl-alphabet\versions\1\asl_alphabet_train\asl_alphabet_train\I\I1020.jpg,I
C:\Users\samri\.cache\kagglehub\datasets\grassknoted\asl-alphabet\versions\1\asl_alphabet_train\asl_alphabet_train\I\I1021.jpg,I
C:\Users\samri\.cache\kagglehub\datasets\grassknoted\asl-alphabet\versions\1\asl_alphabet_train\asl_alphabet_train\I\I1022.jpg,I
C:\Users\samri\.cache\kagglehub\datasets\grassknoted\asl-alphabet\versions\1\asl_alphabet_train\asl_alphabet_train\I\I1023.jpg,I
C:\Users\samri\.cache\kagglehub\datasets\grassknoted\asl-alphabet\versions\1\asl_alphabet_train\asl_alphabet_train\I\I1024.jpg,I
C:\Users\samri\.cache\kagglehub\datasets\grassknoted\asl-alphabet\versions\1\asl_alphabet_train\asl_alphabet_train\I\I1025.jpg,I
C:\Users\samri\.cache\kagglehub\datasets\grassknoted\asl-alphabet\versions\1\asl_alphabet_train\asl_alphabet_train\I\I1026.jpg,I
C:\Users\samri\.cache\kagglehub\datasets\grassknoted\asl-alphabet\versions\1\asl_alphabet_train\asl_alphabet_train\I\I1027.jpg,I
C:\Users\samri\.cache\kagglehub\datasets\grassknoted\asl-alphabet\versions\1\asl_alphabet_train\asl_alphabet_train\I\I1028.jpg,I
C:\Users\samri\.cache\kagglehub\datasets\grassknoted\asl-alphabet\versions\1\asl_alphabet_train\asl_alphabet_train\I\I1029.jpg,I
C:\Users\samri\.cache\kagglehub\datasets\grassknoted\asl-alphabet\versions\1\asl_alphabet_train\asl_alphabet_train\I\I103.jpg,I
C:\Users\samri\.cache\kagglehub\datasets\grassknoted\asl-alphabet\versions\1\asl_alphabet_train\asl_alphabet_train\I\I1030.jpg,I
C:\Users\samri\.cache\kagglehub\datasets\grassknoted\asl-alphabet\versions\1\asl_alphabet_train\asl_alphabet_train\I\I1031.jpg,I
C:\Users\samri\.cache\kagglehub\datasets\grassknoted\asl-alphabet\versions\1\asl_alphabet_train\asl_alphabet_train\I\I1032.jpg,I
C:\Users\samri\.cache\kagglehub\datasets\grassknoted\asl-alphabet\versions\1\asl_alphabet_train\asl_alphabet_train\I\I1033.jpg,I
C:\Users\samri\.cache\kagglehub\datasets\grassknoted\asl-alphabet\versions\1\asl_alphabet_train\asl_alphabet_train\I\I1034.jpg,I
C:\Users\samri\.cache\kagglehub\datasets\grassknoted\asl-alphabet\versions\1\asl_alphabet_train\asl_alphabet_train\I\I1035.jpg,I
C:\Users\samri\.cache\kagglehub\datasets\grassknoted\asl-alphabet\versions\1\asl_alphabet_train\asl_alphabet_train\I\I1036.jpg,I
C:\Users\samri\.cache\kagglehub\datasets\grassknoted\asl-alphabet\versions\1\asl_alphabet_train\asl_alphabet_train\I\I1037.jpg,I
C:\Users\samri\.cache\kagglehub\datasets\grassknoted\asl-alphabet\versions\1\asl_alphabet_train\asl_alphabet_train\I\I1038.jpg,I
C:\Users\samri\.cache\kagglehub\datasets\grassknoted\asl-alphabet\versions\1\asl_alphabet_train\asl_alphabet_train\I\I1039.jpg,I
C:\Users\samri\.cache\kagglehub\datasets\grassknoted\asl-alphabet\versions\1\asl_alphabet_train\asl_alphabet_train\I\I104.jpg,I
C:\Users\samri\.cache\kagglehub\datasets\grassknoted\asl-alphabet\versions\1\asl_alphabet_train\asl_alphabet_train\I\I1040.jpg,I
C:\Users\samri\.cache\kagglehub\datasets\grassknoted\asl-alphabet\versions\1\asl_alphabet_train\asl_alphabet_train\I\I1041.jpg,I
C:\Users\samri\.cache\kagglehub\datasets\grassknoted\asl-alphabet\versions\1\asl_alphabet_train\asl_alphabet_train\I\I1042.jpg,I
C:\Users\samri\.cache\kagglehub\datasets\grassknoted\asl-alphabet\versions\1\asl_alphabet_train\asl_alphabet_train\J\J1.jpg,J
C:\Users\samri\.cache\kagglehub\datasets\grassknoted\asl-alphabet\versions\1\asl_alphabet_train\asl_alphabet_train\J\J10.jpg,J
C:\Users\samri\.cache\kagglehub\datasets\grassknoted\asl-alphabet\versions\1\asl_alphabet_train\asl_alphabet_train\J\J100.jpg,J
C:\Users\samri\.cache\kagglehub\datasets\grassknoted\asl-alphabet\versions\1\asl_alphabet_train\asl_alphabet_train\J\J1000.jpg,J
C:\Users\samri\.cache\kagglehub\datasets\grassknoted\asl-alphabet\versions\1\asl_alphabet_train\asl_alphabet_train\J\J1001.jpg,J
C:\Users\samri\.cache\kagglehub\datasets\grassknoted\asl-alphabet\versions\1\asl_alphabet_train\asl_alphabet_train\J\J1002.jpg,J
C:\Users\samri\.cache\kagglehub\datasets\grassknoted\asl-alphabet\versions\1\asl_alphabet_train\asl_alphabet_train\J\J1003.jpg,J
C:\Users\samri\.cache\kagglehub\datasets\grassknoted\asl-alphabet\versions\1\asl_alphabet_train\asl_alphabet_train\J\J1004.jpg,J
C:\Users\samri\.cache\kagglehub\datasets\grassknoted\asl-alphabet\versions\1\asl_alphabet_train\asl_alphabet_train\J\J1005.jpg,J
C:\Users\samri\.cache\kagglehub\datasets\grassknoted\asl-alphabet\versions\1\asl_alphabet_train\asl_alphabet_train\J\J1006.jpg,J
C:\Users\samri\.cache\kagglehub\datasets\grassknoted\asl-alphabet\versions\1\asl_alphabet_train\asl_alphabet_train\J\J1007.jpg,J
C:\Users\samri\.cache\kagglehub\datasets\grassknoted\asl-alphabet\versions\1\asl_alphabet_train\asl_alphabet_train\J\J1008.jpg,J
C:\Users\samri\.cache\kagglehub\datasets\grassknoted\asl-alphabet\versions\1\asl_alphabet_train\asl_alphabet_train\J\J1009.jpg,J
C:\Users\samri\.cache\kagglehub\datasets\grassknoted\asl-alphabet\versions\1\asl_alphabet_train\asl_alphabet_train\J\J101.jpg,J
C:\Users\samri\.cache\kagglehub\datasets\grassknoted\asl-alphabet\versions\1\asl_alphabet_train\asl_alphabet_train\J\J1010.jpg,J
C:\Users\samri\.cache\kagglehub\datasets\grassknoted\asl-alphabet\versions\1\asl_alphabet_train\asl_alphabet_train\J\J1011.jpg,J
C:\Users\samri\.cache\kagglehub\datasets\grassknoted\asl-alphabet\versions\1\asl_alphabet_train\asl_alphabet_train\J\J1012.jpg,J
C:\Users\samri\.cache\kagglehub\datasets\grassknoted\asl-alphabet\versions\1\asl_alphabet_train\asl_alphabet_train\J\J1013.jpg,J
C:\Users\samri\.cache\kagglehub\datasets\grassknoted\asl-alphabet\versions\1\asl_alphabet_train\asl_alphabet_train\J\J1014.jpg,J
C:\Users\samri\.cache\kagglehub\datasets\grassknoted\asl-alphabet\versions\1\asl_alphabet_train\asl_alphabet_train\J\J1015.jpg,J
C:\Users\samri\.cache\kagglehub\datasets\grassknoted\asl-alphabet\versions\1\asl_alphabet_train\asl_alphabet_train\J\J1016.jpg,J
C:\Users\samri\.cache\kagglehub\datasets\grassknoted\asl-alphabet\versions\1\asl_alphabet_train\asl_alphabet_train\J\J1017.jpg,J
C:\Users\samri\.cache\kagglehub\datasets\grassknoted\asl-alphabet\versions\1\asl_alphabet_train\asl_alphabet_train\J\J1018.jpg,J
C:\Users\samri\.cache\kagglehub\datasets\grassknoted\asl-alphabet\versions\1\asl_alphabet_train\asl_alphabet_train\J\J1019.jpg,J
C:\Users\samri\.cache\kagglehub\datasets\grassknoted\asl-alphabet\versions\1\asl_alphabet_train\asl_alphabet_train\J\J102.jpg,J
C:\Users\samri\.cache\kagglehub\datasets\grassknoted\asl-alphabet\versions\1\asl_alphabet_train\asl_alphabet_train\J\J1020.jpg,J
C:\Users\samri\.cache\kagglehub\datasets\grassknoted\asl-alphabet\versions\1\asl_alphabet_train\asl_alphabet_train\J\J1021.jpg,J
C:\Users\samri\.cache\kagglehub\datasets\grassknoted\asl-alphabet\versions\1\asl_alphabet_train\asl_alphabet_train\J\J1022.jpg,J
C:\Users\samri\.cache\kagglehub\datasets\grassknoted\asl-alphabet\versions\1\asl_alphabet_train\asl_alphabet_train\J\J1023.jpg,J
C:\Users\samri\.cache\kagglehub\datasets\grassknoted\asl-alphabet\versions\1\asl_alphabet_train\asl_alphabet_train\J\J1024.jpg,J
C:\Users\samri\.cache\kagglehub\datasets\grassknoted\asl-alphabet\versions\1\asl_alphabet_train\asl_alphabet_train\J\J1025.jpg,J
C:\Users\samri\.cache\kagglehub\datasets\grassknoted\asl-alphabet\versions\1\asl_alphabet_train\asl_alphabet_train\J\J1026.jpg,J
C:\Users\samri\.cache\kagglehub\datasets\grassknoted\asl-alphabet\versions\1\asl_alphabet_train\asl_alphabet_train\J\J1027.jpg,J
C:\Users\samri\.cache\kagglehub\datasets\grassknoted\asl-alphabet\versions\1\asl_alphabet_train\asl_alphabet_train\J\J1028.jpg,J
C:\Users\samri\.cache\kagglehub\datasets\grassknoted\asl-alphabet\versions\1\asl_alphabet_train\asl_alphabet_train\J\J1029.jpg,J
C:\Users\samri\.cache\kagglehub\datasets\grassknoted\asl-alphabet\versions\1\asl_alphabet_train\asl_alphabet_train\J\J103.jpg,J
C:\Users\samri\.cache\kagglehub\datasets\grassknoted\asl-alphabet\versions\1\asl_alphabet_train\asl_alphabet_train\J\J1030.jpg,J
C:\Users\samri\.cache\kagglehub\datasets\grassknoted\asl-alphabet\versions\1\asl_alphabet_train\asl_alphabet_train\J\J1031.jpg,J
C:\Users\samri\.cache\kagglehub\datasets\grassknoted\asl-alphabet\versions\1\asl_alphabet_train\asl_alphabet_train\J\J1032.jpg,J
C:\Users\samri\.cache\kagglehub\datasets\grassknoted\asl-alphabet\versions\1\asl_alphabet_train\asl_alphabet_train\J\J1033.jpg,J
C:\Users\samri\.cache\kagglehub\datasets\grassknoted\asl-alphabet\versions\1\asl_alphabet_train\asl_alphabet_train\J\J1034.jpg,J
C:\Users\samri\.cache\kagglehub\datasets\grassknoted\asl-alphabet\versions\1\asl_alphabet_train\asl_alphabet_train\J\J1035.jpg,J
C:\Users\samri\.cache\kagglehub\datasets\grassknoted\asl-alphabet\versions\1\asl_alphabet_train\asl_alphabet_train\J\J1036.jpg,J
C:\Users\samri\.cache\kagglehub\datasets\grassknoted\asl-alphabet\versions\1\asl_alphabet_train\asl_alphabet_train\J\J1037.jpg,J
C:\Users\samri\.cache\kagglehub\datasets\grassknoted\asl-alphabet\versions\1\asl_alphabet_train\asl_alphabet_train\J\J1038.jpg,J
C:\Users\samri\.cache\kagglehub\datasets\grassknoted\asl-alphabet\versions\1\asl_alphabet_train\asl_alphabet_train\J\J1039.jpg,J
C:\Users\samri\.cache\kagglehub\datasets\grassknoted\asl-alphabet\versions\1\asl_alphabet_train\asl_alphabet_train\J\J104.jpg,J
C:\Users\samri\.cache\kagglehub\datasets\grassknoted\asl-alphabet\versions\1\asl_alphabet_train\asl_alphabet_train\J\J1040.jpg,J
C:\Users\samri\.cache\kagglehub\datasets\grassknoted\asl-alphabet\versions\1\asl_alphabet_train\asl_alphabet_train\J\J1041.jpg,J
C:\Users\samri\.cache\kagglehub\datasets\grassknoted\asl-alphabet\versions\1\asl_alphabet_train\asl_alphabet_train\J\J1042.jpg,J
C:\Users\samri\.cache\kagglehub\datasets\grassknoted\asl-alphabet\versions\1\asl_alphabet_train\asl_alphabet_train\K\K1.jpg,K
C:\Users\samri\.cache\kagglehub\datasets\grassknoted\asl-alphabet\versions\1\asl_alphabet_train\asl_alphabet_train\K\K10.jpg,K
C:\Users\samri\.cache\kagglehub\datasets\grassknoted\asl-alphabet\versions\1\asl_alphabet_train\asl_alphabet_train\K\K100.jpg,K
C:\Users\samri\.cache\kagglehub\datasets\grassknoted\asl-alphabet\versions\1\asl_alphabet_train\asl_alphabet_train\K\K1000.jpg,K
C:\Users\samri\.cache\kagglehub\datasets\grassknoted\asl-alphabet\versions\1\asl_alphabet_train\asl_alphabet_train\K\K1001.jpg,K
C:\Users\samri\.cache\kagglehub\datasets\grassknoted\asl-alphabet\versions\1\asl_alphabet_train\asl_alphabet_train\K\K1002.jpg,K
C:\Users\samri\.cache\kagglehub\datasets\grassknoted\asl-alphabet\versions\1\asl_alphabet_train\asl_alphabet_train\K\K1003.jpg,K
C:\Users\samri\.cache\kagglehub\datasets\grassknoted\asl-alphabet\versions\1\asl_alphabet_train\asl_alphabet_train\K\K1004.jpg,K
C:\Users\samri\.cache\kagglehub\datasets\grassknoted\asl-alphabet\versions\1\asl_alphabet_train\asl_alphabet_train\K\K1005.jpg,K
C:\Users\samri\.cache\kagglehub\datasets\grassknoted\asl-alphabet\versions\1\asl_alphabet_train\asl_alphabet_train\K\K1006.jpg,K
C:\Users\samri\.cache\kagglehub\datasets\grassknoted\asl-alphabet\versions\1\asl_alphabet_train\asl_alphabet_train\K\K1007.jpg,K
C:\Users\samri\.cache\kagglehub\datasets\grassknoted\asl-alphabet\versions\1\asl_alphabet_train\asl_alphabet_train\K\K1008.jpg,K
C:\Users\samri\.cache\kagglehub\datasets\grassknoted\asl-alphabet\versions\1\asl_alphabet_train\asl_alphabet_train\K\K1009.jpg,K
C:\Users\samri\.cache\kagglehub\datasets\grassknoted\asl-alphabet\versions\1\asl_alphabet_train\asl_alphabet_train\K\K101.jpg,K
C:\Users\samri\.cache\kagglehub\datasets\grassknoted\asl-alphabet\versions\1\asl_alphabet_train\asl_alphabet_train\K\K1010.jpg,K
C:\Users\samri\.cache\kagglehub\datasets\grassknoted\asl-alphabet\versions\1\asl_alphabet_train\asl_alphabet_train\K\K1011.jpg,K
C:\Users\samri\.cache\kagglehub\datasets\grassknoted\asl-alphabet\versions\1\asl_alphabet_train\asl_alphabet_train\K\K1012.jpg,K
C:\Users\samri\.cache\kagglehub\datasets\grassknoted\asl-alphabet\versions\1\asl_alphabet_train\asl_alphabet_train\K\K1013.jpg,K
C:\Users\samri\.cache\kagglehub\datasets\grassknoted\asl-alphabet\versions\1\asl_alphabet_train\asl_alphabet_train\K\K1014.jpg,K
C:\Users\samri\.cache\kagglehub\datasets\grassknoted\asl-alphabet\versions\1\asl_alphabet_train\asl_alphabet_train\K\K1015.jpg,K
C:\Users\samri\.cache\kagglehub\datasets\grassknoted\asl-alphabet\versions\1\asl_alphabet_train\asl_alphabet_train\K\K1016.jpg,K
C:\Users\samri\.cache\kagglehub\datasets\grassknoted\asl-alphabet\versions\1\asl_alphabet_train\asl_alphabet_train\K\K1017.jpg,K
C:\Users\samri\.cache\kagglehub\datasets\grassknoted\asl-alphabet\versions\1\asl_alphabet_train\asl_alphabet_train\K\K1018.jpg,K
C:\Users\samri\.cache\kagglehub\datasets\grassknoted\asl-alphabet\versions\1\asl_alphabet_train\asl_alphabet_train\K\K1019.jpg,K
C:\Users\samri\.cache\kagglehub\datasets\grassknoted\asl-alphabet\versions\1\asl_alphabet_train\asl_alphabet_train\K\K102.jpg,K
C:\Users\samri\.cache\kagglehub\datasets\grassknoted\asl-alphabet\versions\1\asl_alphabet_train\asl_alphabet_train\K\K1020.jpg,K
C:\Users\samri\.cache\kagglehub\datasets\grassknoted\asl-alphabet\versions\1\asl_alphabet_train\asl_alphabet_train\K\K1021.jpg,K
C:\Users\samri\.cache\kagglehub\datasets\grassknoted\asl-alphabet\versions\1\asl_alphabet_train\asl_alphabet_train\K\K1022.jpg,K
C:\Users\samri\.cache\kagglehub\datasets\grassknoted\asl-alphabet\versions\1\asl_alphabet_train\asl_alphabet_train\K\K1023.jpg,K
C:\Users\samri\.cache\kagglehub\datasets\grassknoted\asl-alphabet\versions\1\asl_alphabet_train\asl_alphabet_train\K\K1024.jpg,K
C:\Users\samri\.cache\kagglehub\datasets\grassknoted\asl-alphabet\versions\1\asl_alphabet_train\asl_alphabet_train\K\K1025.jpg,K
C:\Users\samri\.cache\kagglehub\datasets\grassknoted\asl-alphabet\versions\1\asl_alphabet_train\asl_alphabet_train\K\K1026.jpg,K
C:\Users\samri\.cache\kagglehub\datasets\grassknoted\asl-alphabet\versions\1\asl_alphabet_train\asl_alphabet_train\K\K1027.jpg,K
C:\Users\samri\.cache\kagglehub\datasets\grassknoted\asl-alphabet\versions\1\asl_alphabet_train\asl_alphabet_train\K\K1028.jpg,K
C:\Users\samri\.cache\kagglehub\datasets\grassknoted\asl-alphabet\versions\1\asl_alphabet_train\asl_alphabet_train\K\K1029.jpg,K
C:\Users\samri\.cache\kagglehub\datasets\grassknoted\asl-alphabet\versions\1\asl_alphabet_train\asl_alphabet_train\K\K103.jpg,K
C:\Users\samri\.cache\kagglehub\datasets\grassknoted\asl-alphabet\versions\1\asl_alphabet_train\asl_alphabet_train\K\K1030.jpg,K
C:\Users\samri\.cache\kagglehub\datasets\grassknoted\asl-alphabet\versions\1\asl_alphabet_train\asl_alphabet_train\K\K1031.jpg,K
C:\Users\samri\.cache\kagglehub\datasets\grassknoted\asl-alphabet\versions\1\asl_alphabet_train\asl_alphabet_train\K\K1032.jpg,K
C:\Users\samri\.cache\kagglehub\datasets\grassknoted\asl-alphabet\versions\1\asl_alphabet_train\asl_alphabet_train\K\K1033.jpg,K
C:\Users\samri\.cache\kagglehub\datasets\grassknoted\asl-alphabet\versions\1\asl_alphabet_train\asl_alphabet_train\K\K1034.jpg,K
C:\Users\samri\.cache\kagglehub\datasets\grassknoted\asl-alphabet\versions\1\asl_alphabet_train\asl_alphabet_train\K\K1035.jpg,K
C:\Users\samri\.cache\kagglehub\datasets\grassknoted\asl-alphabet\versions\1\asl_alphabet_train\asl_alphabet_train\K\K1036.jpg,K
C:\Users\samri\.cache\kagglehub\datasets\grassknoted\asl-alphabet\versions\1\asl_alphabet_train\asl_alphabet_train\K\K1037.jpg,K
C:\Users\samri\.cache\kagglehub\datasets\grassknoted\asl-alphabet\versions\1\asl_alphabet_train\asl_alphabet_train\K\K1038.jpg,K
C:\Users\samri\.cache\kagglehub\datasets\grassknoted\asl-alphabet\versions\1\asl_alphabet_train\asl_alphabet_train\K\K1039.jpg,K
C:\Users\samri\.cache\kagglehub\datasets\grassknoted\asl-alphabet\versions\1\asl_alphabet_train\asl_alphabet_train\K\K104.jpg,K
C:\Users\samri\.cache\kagglehub\datasets\grassknoted\asl-alphabet\versions\1\asl_alphabet_train\asl_alphabet_train\K\K1040.jpg,K
C:\Users\samri\.cache\kagglehub\datasets\grassknoted\asl-alphabet\versions\1\asl_alphabet_train\asl_alphabet_train\K\K1041.jpg,K
C:\Users\samri\.cache\kagglehub\datasets\grassknoted\asl-alphabet\versions\1\asl_alphabet_train\asl_alphabet_train\K\K1042.jpg,K
C:\Users\samri\.cache\kagglehub\datasets\grassknoted\asl-alphabet\versions\1\asl_alphabet_train\asl_alphabet_train\L\L1.jpg,L
C:\Users\samri\.cache\kagglehub\datasets\grassknoted\asl-alphabet\versions\1\asl_alphabet_train\asl_alphabet_train\L\L10.jpg,L
C:\Users\samri\.cache\kagglehub\datasets\grassknoted\asl-alphabet\versions\1\asl_alphabet_train\asl_alphabet_train\L\L100.jpg,L
C:\Users\samri\.cache\kagglehub\datasets\grassknoted\asl-alphabet\versions\1\asl_alphabet_train\asl_alphabet_train\L\L1000.jpg,L
C:\Users\samri\.cache\kagglehub\datasets\grassknoted\asl-alphabet\versions\1\asl_alphabet_train\asl_alphabet_train\L\L1001.jpg,L
C:\Users\samri\.cache\kagglehub\datasets\grassknoted\asl-alphabet\versions\1\asl_alphabet_train\asl_alphabet_train\L\L1002.jpg,L
C:\Users\samri\.cache\kagglehub\datasets\grassknoted\asl-alphabet\versions\1\asl_alphabet_train\asl_alphabet_train\L\L1003.jpg,L
C:\Users\samri\.cache\kagglehub\datasets\grassknoted\asl-alphabet\versions\1\asl_alphabet_train\asl_alphabet_train\L\L1004.jpg,L
C:\Users\samri\.cache\kagglehub\datasets\grassknoted\asl-alphabet\versions\1\asl_alphabet_train\asl_alphabet_train\L\L1005.jpg,L
C:\Users\samri\.cache\kagglehub\datasets\grassknoted\asl-alphabet\versions\1\asl_alphabet_train\asl_alphabet_train\L\L1006.jpg,L
C:\Users\samri\.cache\kagglehub\datasets\grassknoted\asl-alphabet\versions\1\asl_alphabet_train\asl_alphabet_train\L\L1007.jpg,L
C:\Users\samri\.cache\kagglehub\datasets\grassknoted\asl-alphabet\versions\1\asl_alphabet_train\asl_alphabet_train\L\L1008.jpg,L
C:\Users\samri\.cache\kagglehub\datasets\grassknoted\asl-alphabet\versions\1\asl_alphabet_train\asl_alphabet_train\L\L1009.jpg,L
C:\Users\samri\.cache\kagglehub\datasets\grassknoted\asl-alphabet\versions\1\asl_alphabet_train\asl_alphabet_train\L\L101.jpg,L
C:\Users\samri\.cache\kagglehub\datasets\grassknoted\asl-alphabet\versions\1\asl_alphabet_train\asl_alphabet_train\L\L1010.jpg,L
C:\Users\samri\.cache\kagglehub\datasets\grassknoted\asl-alphabet\versions\1\asl_alphabet_train\asl_alphabet_train\L\L1011.jpg,L
C:\Users\samri\.cache\kagglehub\datasets\grassknoted\asl-alphabet\versions\1\asl_alphabet_train\asl_alphabet_train\L\L1012.jpg,L
C:\Users\samri\.cache\kagglehub\datasets\grassknoted\asl-alphabet\versions\1\asl_alphabet_train\asl_alphabet_train\L\L1013.jpg,L
C:\Users\samri\.cache\kagglehub\datasets\grassknoted\asl-alphabet\versions\1\asl_alphabet_train\asl_alphabet_train\L\L1014.jpg,L
C:\Users\samri\.cache\kagglehub\datasets\grassknoted\asl-alphabet\versions\1\asl_alphabet_train\asl_alphabet_train\L\L1015.jpg,L
C:\Users\samri\.cache\kagglehub\datasets\grassknoted\asl-alphabet\versions\1\asl_alphabet_train\asl_alphabet_train\L\L1016.jpg,L
C:\Users\samri\.cache\kagglehub\datasets\grassknoted\asl-alphabet\versions\1\asl_alphabet_train\asl_alphabet_train\L\L1017.jpg,L
C:\Users\samri\.cache\kagglehub\datasets\grassknoted\asl-alphabet\versions\1\asl_alphabet_train\asl_alphabet_train\L\L1018.jpg,L
C:\Users\samri\.cache\kagglehub\datasets\grassknoted\asl-alphabet\versions\1\asl_alphabet_train\asl_alphabet_train\L\L1019.jpg,L
C:\Users\samri\.cache\kagglehub\datasets\grassknoted\asl-alphabet\versions\1\asl_alphabet_train\asl_alphabet_train\L\L102.jpg,L
C:\Users\samri\.cache\kagglehub\datasets\grassknoted\asl-alphabet\versions\1\asl_alphabet_train\asl_alphabet_train\L\L1020.jpg,L
C:\Users\samri\.cache\kagglehub\datasets\grassknoted\asl-alphabet\versions\1\asl_alphabet_train\asl_alphabet_train\L\L1021.jpg,L
C:\Users\samri\.cache\kagglehub\datasets\grassknoted\asl-alphabet\versions\1\asl_alphabet_train\asl_alphabet_train\L\L1022.jpg,L
C:\Users\samri\.cache\kagglehub\datasets\grassknoted\asl-alphabet\versions\1\asl_alphabet_train\asl_alphabet_train\L\L1023.jpg,L
C:\Users\samri\.cache\kagglehub\datasets\grassknoted\asl-alphabet\versions\1\asl_alphabet_train\asl_alphabet_train\L\L1024.jpg,L
C:\Users\samri\.cache\kagglehub\datasets\grassknoted\asl-alphabet\versions\1\asl_alphabet_train\asl_alphabet_train\L\L1025.jpg,L
C:\Users\samri\.cache\kagglehub\datasets\grassknoted\asl-alphabet\versions\1\asl_alphabet_train\asl_alphabet_train\L\L1026.jpg,L
C:\Users\samri\.cache\kagglehub\datasets\grassknoted\asl-alphabet\versions\1\asl_alphabet_train\asl_alphabet_train\L\L1027.jpg,L
C:\Users\samri\.cache\kagglehub\datasets\grassknoted\asl-alphabet\versions\1\asl_alphabet_train\asl_alphabet_train\L\L1028.jpg,L
C:\Users\samri\.cache\kagglehub\datasets\grassknoted\asl-alphabet\versions\1\asl_alphabet_train\asl_alphabet_train\L\L1029.jpg,L
C:\Users\samri\.cache\kagglehub\datasets\grassknoted\asl-alphabet\versions\1\asl_alphabet_train\asl_alphabet_train\L\L103.jpg,L
C:\Users\samri\.cache\kagglehub\datasets\grassknoted\asl-alphabet\versions\1\asl_alphabet_train\asl_alphabet_train\L\L1030.jpg,L
C:\Users\samri\.cache\kagglehub\datasets\grassknoted\asl-alphabet\versions\1\asl_alphabet_train\asl_alphabet_train\L\L1031.jpg,L
C:\Users\samri\.cache\kagglehub\datasets\grassknoted\asl-alphabet\versions\1\asl_alphabet_train\asl_alphabet_train\L\L1032.jpg,L
C:\Users\samri\.cache\kagglehub\datasets\grassknoted\asl-alphabet\versions\1\asl_alphabet_train\asl_alphabet_train\L\L1033.jpg,L
C:\Users\samri\.cache\kagglehub\datasets\grassknoted\asl-alphabet\versions\1\asl_alphabet_train\asl_alphabet_train\L\L1034.jpg,L
C:\Users\samri\.cache\kagglehub\datasets\grassknoted\asl-alphabet\versions\1\asl_alphabet_train\asl_alphabet_train\L\L1035.jpg,L
C:\Users\samri\.cache\kagglehub\datasets\grassknoted\asl-alphabet\versions\1\asl_alphabet_train\asl_alphabet_train\L\L1036.jpg,L
C:\Users\samri\.cache\kagglehub\datasets\grassknoted\asl-alphabet\versions\1\asl_alphabet_train\asl_alphabet_train\L\L1037.jpg,L
C:\Users\samri\.cache\kagglehub\datasets\grassknoted\asl-alphabet\versions\1\asl_alphabet_train\asl_alphabet_train\L\L1038.jpg,L
C:\Users\samri\.cache\kagglehub\datasets\grassknoted\asl-alphabet\versions\1\asl_alphabet_train\asl_alphabet_train\L\L1039.jpg,L
C:\Users\samri\.cache\kagglehub\datasets\grassknoted\asl-alphabet\versions\1\asl_alphabet_train\asl_alphabet_train\L\L1040.jpg,L
C:\Users\samri\.cache\kagglehub\datasets\grassknoted\asl-alphabet\versions\1\asl_alphabet_train\asl_alphabet_train\L\L1041.jpg,L
C:\Users\samri\.cache\kagglehub\datasets\grassknoted\asl-alphabet\versions\1\asl_alphabet_train\asl_alphabet_train\L\L1042.jpg,L
C:\Users\samri\.cache\kagglehub\datasets\grassknoted\asl-alphabet\versions\1\asl_alphabet_train\asl_alphabet_train\M\M1002.jpg,M
C:\Users\samri\.cache\kagglehub\datasets\grassknoted\asl-alphabet\versions\1\asl_alphabet_train\asl_alphabet_train\M\M1003.jpg,M
C:\Users\samri\.cache\kagglehub\datasets\grassknoted\asl-alphabet\versions\1\asl_alphabet_train\asl_alphabet_train\M\M1004.jpg,M
C:\Users\samri\.cache\kagglehub\datasets\grassknoted\asl-alphabet\versions\1\asl_alphabet_train\asl_alphabet_train\M\M1005.jpg,M
C:\Users\samri\.cache\kagglehub\datasets\grassknoted\asl-alphabet\versions\1\asl_alphabet_train\asl_alphabet_train\M\M1006.jpg,M
C:\Users\samri\.cache\kagglehub\datasets\grassknoted\asl-alphabet\versions\1\asl_alphabet_train\asl_alphabet_train\M\M1009.jpg,M
C:\Users\samri\.cache\kagglehub\datasets\grassknoted\asl-alphabet\versions\1\asl_alphabet_train\asl_alphabet_train\M\M101.jpg,M
C:\Users\samri\.cache\kagglehub\datasets\grassknoted\asl-alphabet\versions\1\asl_alphabet_train\asl_alphabet_train\M\M1014.jpg,M
C:\Users\samri\.cache\kagglehub\datasets\grassknoted\asl-alphabet\versions\1\asl_alphabet_train\asl_alphabet_train\M\M1016.jpg,M
C:\Users\samri\.cache\kagglehub\datasets\grassknoted\asl-alphabet\versions\1\asl_alphabet_train\asl_alphabet_train\M\M102.jpg,M
C:\Users\samri\.cache\kagglehub\datasets\grassknoted\asl-alphabet\versions\1\asl_alphabet_train\asl_alphabet_train\M\M103.jpg,M
C:\Users\samri\.cache\kagglehub\datasets\grassknoted\asl-alphabet\versions\1\asl_alphabet_train\asl_alphabet_train\M\M104.jpg,M
C:\Users\samri\.cache\kagglehub\datasets\grassknoted\asl-alphabet\versions\1\asl_alphabet_train\asl_alphabet_train\M\M1040.jpg,M
C:\Users\samri\.cache\kagglehub\datasets\grassknoted\asl-alphabet\versions\1\asl_alphabet_train\asl_alphabet_train\N\N1000.jpg,N
C:\Users\samri\.cache\kagglehub\datasets\grassknoted\asl-alphabet\versions\1\asl_alphabet_train\asl_alphabet_train\N\N1001.jpg,N
C:\Users\samri\.cache\kagglehub\datasets\grassknoted\asl-alphabet\versions\1\asl_alphabet_train\asl_alphabet_train\N\N1002.jpg,N
C:\Users\samri\.cache\kagglehub\datasets\grassknoted\asl-alphabet\versions\1\asl_alphabet_train\asl_alphabet_train\N\N1003.jpg,N
C:\Users\samri\.cache\kagglehub\datasets\grassknoted\asl-alphabet\versions\1\asl_alphabet_train\asl_alphabet_train\N\N1004.jpg,N
C:\Users\samri\.cache\kagglehub\datasets\grassknoted\asl-alphabet\versions\1\asl_alphabet_train\asl_alphabet_train\N\N1005.jpg,N
C:\Users\samri\.cache\kagglehub\datasets\grassknoted\asl-alphabet\versions\1\asl_alphabet_train\asl_alphabet_train\N\N1006.jpg,N
C:\Users\samri\.cache\kagglehub\datasets\grassknoted\asl-alphabet\versions\1\asl_alphabet_train\asl_alphabet_train\N\N1007.jpg,N
C:\Users\samri\.cache\kagglehub\datasets\grassknoted\asl-alphabet\versions\1\asl_alphabet_train\asl_alphabet_train\N\N1031.jpg,N
C:\Users\samri\.cache\kagglehub\datasets\grassknoted\asl-alphabet\versions\1\asl_alphabet_train\asl_alphabet_train\O\O10.jpg,O
C:\Users\samri\.cache\kagglehub\datasets\grassknoted\asl-alphabet\versions\1\asl_alphabet_train\asl_alphabet_train\O\O100.jpg,O
C:\Users\samri\.cache\kagglehub\datasets\grassknoted\asl-alphabet\versions\1\asl_alphabet_train\asl_alphabet_train\O\O1000.jpg,O
C:\Users\samri\.cache\kagglehub\datasets\grassknoted\asl-alphabet\versions\1\asl_alphabet_train\asl_alphabet_train\O\O1001.jpg,O
C:\Users\samri\.cache\kagglehub\datasets\grassknoted\asl-alphabet\versions\1\asl_alphabet_train\asl_alphabet_train\O\O1002.jpg,O
C:\Users\samri\.cache\kagglehub\datasets\grassknoted\asl-alphabet\versions\1\asl_alphabet_train\asl_alphabet_train\O\O1003.jpg,O
C:\Users\samri\.cache\kagglehub\datasets\grassknoted\asl-alphabet\versions\1\asl_alphabet_train\asl_alphabet_train\O\O1004.jpg,O
C:\Users\samri\.cache\kagglehub\datasets\grassknoted\asl-alphabet\versions\1\asl_alphabet_train\asl_alphabet_train\O\O1005.jpg,O
C:\Users\samri\.cache\kagglehub\datasets\grassknoted\asl-alphabet\versions\1\asl_alphabet_train\asl_alphabet_train\O\O1006.jpg,O
C:\Users\samri\.cache\kagglehub\datasets\grassknoted\asl-alphabet\versions\1\asl_alphabet_train\asl_alphabet_train\O\O1007.jpg,O
C:\Users\samri\.cache\kagglehub\datasets\grassknoted\asl-alphabet\versions\1\asl_alphabet_train\asl_alphabet_train\O\O1008.jpg,O
C:\Users\samri\.cache\kagglehub\datasets\grassknoted\asl-alphabet\versions\1\asl_alphabet_train\asl_alphabet_train\O\O1009.jpg,O
C:\Users\samri\.cache\kagglehub\datasets\grassknoted\asl-alphabet\versions\1\asl_alphabet_train\asl_alphabet_train\O\O101.jpg,O
C:\Users\samri\.cache\kagglehub\datasets\grassknoted\asl-alphabet\versions\1\asl_alphabet_train\asl_alphabet_train\O\O1010.jpg,O
C:\Users\samri\.cache\kagglehub\datasets\grassknoted\asl-alphabet\versions\1\asl_alphabet_train\asl_alphabet_train\O\O1011.jpg,O
C:\Users\samri\.cache\kagglehub\datasets\grassknoted\asl-alphabet\versions\1\asl_alphabet_train\asl_alphabet_train\O\O1012.jpg,O
C:\Users\samri\.cache\kagglehub\datasets\grassknoted\asl-alphabet\versions\1\asl_alphabet_train\asl_alphabet_train\O\O1013.jpg,O
C:\Users\samri\.cache\kagglehub\datasets\grassknoted\asl-alphabet\versions\1\asl_alphabet_train\asl_alphabet_train\O\O1014.jpg,O
C:\Users\samri\.cache\kagglehub\datasets\grassknoted\asl-alphabet\versions\1\asl_alphabet_train\asl_alphabet_train\O\O1015.jpg,O
C:\Users\samri\.cache\kagglehub\datasets\grassknoted\asl-alphabet\versions\1\asl_alphabet_train\asl_alphabet_train\O\O1016.jpg,O
C:\Users\samri\.cache\kagglehub\datasets\grassknoted\asl-alphabet\versions\1\asl_alphabet_train\asl_alphabet_train\O\O1017.jpg,O
C:\Users\samri\.cache\kagglehub\datasets\grassknoted\asl-alphabet\versions\1\asl_alphabet_train\asl_alphabet_train\O\O1018.jpg,O
C:\Users\samri\.cache\kagglehub\datasets\grassknoted\asl-alphabet\versions\1\asl_alphabet_train\asl_alphabet_train\O\O1019.jpg,O
C:\Users\samri\.cache\kagglehub\datasets\grassknoted\asl-alphabet\versions\1\asl_alphabet_train\asl_alphabet_train\O\O102.jpg,O
C:\Users\samri\.cache\kagglehub\datasets\grassknoted\asl-alphabet\versions\1\asl_alphabet_train\asl_alphabet_train\O\O1020.jpg,O
C:\Users\samri\.cache\kagglehub\datasets\grassknoted\asl-alphabet\versions\1\asl_alphabet_train\asl_alphabet_train\O\O1021.jpg,O
C:\Users\samri\.cache\kagglehub\datasets\grassknoted\asl-alphabet\versions\1\asl_alphabet_train\asl_alphabet_train\O\O1022.jpg,O
C:\Users\samri\.cache\kagglehub\datasets\grassknoted\asl-alphabet\versions\1\asl_alphabet_train\asl_alphabet_train\O\O1023.jpg,O
C:\Users\samri\.cache\kagglehub\datasets\grassknoted\asl-alphabet\versions\1\asl_alphabet_train\asl_alphabet_train\O\O1024.jpg,O
C:\Users\samri\.cache\kagglehub\datasets\grassknoted\asl-alphabet\versions\1\asl_alphabet_train\asl_alphabet_train\O\O1025.jpg,O
C:\Users\samri\.cache\kagglehub\datasets\grassknoted\asl-alphabet\versions\1\asl_alphabet_train\asl_alphabet_train\O\O1026.jpg,O
C:\Users\samri\.cache\kagglehub\datasets\grassknoted\asl-alphabet\versions\1\asl_alphabet_train\asl_alphabet_train\O\O1027.jpg,O
C:\Users\samri\.cache\kagglehub\datasets\grassknoted\asl-alphabet\versions\1\asl_alphabet_train\asl_alphabet_train\O\O1028.jpg,O
C:\Users\samri\.cache\kagglehub\datasets\grassknoted\asl-alphabet\versions\1\asl_alphabet_train\asl_alphabet_train\O\O1029.jpg,O
C:\Users\samri\.cache\kagglehub\datasets\grassknoted\asl-alphabet\versions\1\asl_alphabet_train\asl_alphabet_train\O\O103.jpg,O
C:\Users\samri\.cache\kagglehub\datasets\grassknoted\asl-alphabet\versions\1\asl_alphabet_train\asl_alphabet_train\O\O1030.jpg,O
C:\Users\samri\.cache\kagglehub\datasets\grassknoted\asl-alphabet\versions\1\asl_alphabet_train\asl_alphabet_train\O\O1031.jpg,O
C:\Users\samri\.cache\kagglehub\datasets\grassknoted\asl-alphabet\versions\1\asl_alphabet_train\asl_alphabet_train\O\O1032.jpg,O
C:\Users\samri\.cache\kagglehub\datasets\grassknoted\asl-alphabet\versions\1\asl_alphabet_train\asl_alphabet_train\O\O1033.jpg,O
C:\Users\samri\.cache\kagglehub\datasets\grassknoted\asl-alphabet\versions\1\asl_alphabet_train\asl_alphabet_train\O\O1034.jpg,O
C:\Users\samri\.cache\kagglehub\datasets\grassknoted\asl-alphabet\versions\1\asl_alphabet_train\asl_alphabet_train\O\O1035.jpg,O
C:\Users\samri\.cache\kagglehub\datasets\grassknoted\asl-alphabet\versions\1\asl_alphabet_train\asl_alphabet_train\O\O1036.jpg,O
C:\Users\samri\.cache\kagglehub\datasets\grassknoted\asl-alphabet\versions\1\asl_alphabet_train\asl_alphabet_train\O\O1037.jpg,O
C:\Users\samri\.cache\kagglehub\datasets\grassknoted\asl-alphabet\versions\1\asl_alphabet_train\asl_alphabet_train\O\O1038.jpg,O
C:\Users\samri\.cache\kagglehub\datasets\grassknoted\asl-alphabet\versions\1\asl_alphabet_train\asl_alphabet_train\O\O1039.jpg,O
C:\Users\samri\.cache\kagglehub\datasets\grassknoted\asl-alphabet\versions\1\asl_alphabet_train\asl_alphabet_train\O\O104.jpg,O
C:\Users\samri\.cache\kagglehub\datasets\grassknoted\asl-alphabet\versions\1\asl_alphabet_train\asl_alphabet_train\O\O1040.jpg,O
C:\Users\samri\.cache\kagglehub\datasets\grassknoted\asl-alphabet\versions\1\asl_alphabet_train\asl_alphabet_train\O\O1041.jpg,O
C:\Users\samri\.cache\kagglehub\datasets\grassknoted\asl-alphabet\versions\1\asl_alphabet_train\asl_alphabet_train\O\O1042.jpg,O
C:\Users\samri\.cache\kagglehub\datasets\grassknoted\asl-alphabet\versions\1\asl_alphabet_train\asl_alphabet_train\P\P1.jpg,P
C:\Users\samri\.cache\kagglehub\datasets\grassknoted\asl-alphabet\versions\1\asl_alphabet_train\asl_alphabet_train\P\P100.jpg,P
C:\Users\samri\.cache\kagglehub\datasets\grassknoted\asl-alphabet\versions\1\asl_alphabet_train\asl_alphabet_train\P\P1000.jpg,P
C:\Users\samri\.cache\kagglehub\datasets\grassknoted\asl-alphabet\versions\1\asl_alphabet_train\asl_alphabet_train\P\P1001.jpg,P
C:\Users\samri\.cache\kagglehub\datasets\grassknoted\asl-alphabet\versions\1\asl_alphabet_train\asl_alphabet_train\P\P1002.jpg,P
C:\Users\samri\.cache\kagglehub\datasets\grassknoted\asl-alphabet\versions\1\asl_alphabet_train\asl_alphabet_train\P\P1003.jpg,P
C:\Users\samri\.cache\kagglehub\datasets\grassknoted\asl-alphabet\versions\1\asl_alphabet_train\asl_alphabet_train\P\P1004.jpg,P
C:\Users\samri\.cache\kagglehub\datasets\grassknoted\asl-alphabet\versions\1\asl_alphabet_train\asl_alphabet_train\P\P1005.jpg,P
C:\Users\samri\.cache\kagglehub\datasets\grassknoted\asl-alphabet\versions\1\asl_alphabet_train\asl_alphabet_train\P\P1006.jpg,P
C:\Users\samri\.cache\kagglehub\datasets\grassknoted\asl-alphabet\versions\1\asl_alphabet_train\asl_alphabet_train\P\P1007.jpg,P
C:\Users\samri\.cache\kagglehub\datasets\grassknoted\asl-alphabet\versions\1\asl_alphabet_train\asl_alphabet_train\P\P1008.jpg,P
C:\Users\samri\.cache\kagglehub\datasets\grassknoted\asl-alphabet\versions\1\asl_alphabet_train\asl_alphabet_train\P\P1009.jpg,P
C:\Users\samri\.cache\kagglehub\datasets\grassknoted\asl-alphabet\versions\1\asl_alphabet_train\asl_alphabet_train\P\P101.jpg,P
C:\Users\samri\.cache\kagglehub\datasets\grassknoted\asl-alphabet\versions\1\asl_alphabet_train\asl_alphabet_train\P\P1010.jpg,P
C:\Users\samri\.cache\kagglehub\datasets\grassknoted\asl-alphabet\versions\1\asl_alphabet_train\asl_alphabet_train\P\P1011.jpg,P
C:\Users\samri\.cache\kagglehub\datasets\grassknoted\asl-alphabet\versions\1\asl_alphabet_train\asl_alphabet_train\P\P1012.jpg,P
C:\Users\samri\.cache\kagglehub\datasets\grassknoted\asl-alphabet\versions\1\asl_alphabet_train\asl_alphabet_train\P\P1013.jpg,P
C:\Users\samri\.cache\kagglehub\datasets\grassknoted\asl-alphabet\versions\1\asl_alphabet_train\asl_alphabet_train\P\P1014.jpg,P
C:\Users\samri\.cache\kagglehub\datasets\grassknoted\asl-alphabet\versions\1\asl_alphabet_train\asl_alphabet_train\P\P1015.jpg,P
C:\Users\samri\.cache\kagglehub\datasets\grassknoted\asl-alphabet\versions\1\asl_alphabet_train\asl_alphabet_train\P\P1016.jpg,P
C:\Users\samri\.cache\kagglehub\datasets\grassknoted\asl-alphabet\versions\1\asl_alphabet_train\asl_alphabet_train\P\P1017.jpg,P
C:\Users\samri\.cache\kagglehub\datasets\grassknoted\asl-alphabet\versions\1\asl_alphabet_train\asl_alphabet_train\P\P1018.jpg,P
C:\Users\samri\.cache\kagglehub\datasets\grassknoted\asl-alphabet\versions\1\asl_alphabet_train\asl_alphabet_train\P\P1019.jpg,P
C:\Users\samri\.cache\kagglehub\datasets\grassknoted\asl-alphabet\versions\1\asl_alphabet_train\asl_alphabet_train\P\P102.jpg,P
C:\Users\samri\.cache\kagglehub\datasets\grassknoted\asl-alphabet\versions\1\asl_alphabet_train\asl_alphabet_train\P\P1020.jpg,P
C:\Users\samri\.cache\kagglehub\datasets\grassknoted\asl-alphabet\versions\1\asl_alphabet_train\asl_alphabet_train\P\P1021.jpg,P
C:\Users\samri\.cache\kagglehub\datasets\grassknoted\asl-alphabet\versions\1\asl_alphabet_train\asl_alphabet_train\P\P1022.jpg,P
C:\Users\samri\.cache\kagglehub\datasets\grassknoted\asl-alphabet\versions\1\asl_alphabet_train\asl_alphabet_train\P\P1023.jpg,P
C:\Users\samri\.cache\kagglehub\datasets\grassknoted\asl-alphabet\versions\1\asl_alphabet_train\asl_alphabet_train\P\P1024.jpg,P
C:\Users\samri\.cache\kagglehub\datasets\grassknoted\asl-alphabet\versions\1\asl_alphabet_train\asl_alphabet_train\P\P1025.jpg,P
C:\Users\samri\.cache\kagglehub\datasets\grassknoted\asl-alphabet\versions\1\asl_alphabet_train\asl_alphabet_train\P\P1026.jpg,P
C:\Users\samri\.cache\kagglehub\datasets\grassknoted\asl-alphabet\versions\1\asl_alphabet_train\asl_alphabet_train\P\P1027.jpg,P
C:\Users\samri\.cache\kagglehub\datasets\grassknoted\asl-alphabet\versions\1\asl_alphabet_train\asl_alphabet_train\P\P1028.jpg,P
C:\Users\samri\.cache\kagglehub\datasets\grassknoted\asl-alphabet\versions\1\asl_alphabet_train\asl_alphabet_train\P\P1029.jpg,P
C:\Users\samri\.cache\kagglehub\datasets\grassknoted\asl-alphabet\versions\1\asl_alphabet_train\asl_alphabet_train\P\P103.jpg,P
C:\Users\samri\.cache\kagglehub\datasets\grassknoted\asl-alphabet\versions\1\asl_alphabet_train\asl_alphabet_train\P\P1030.jpg,P
C:\Users\samri\.cache\kagglehub\datasets\grassknoted\asl-alphabet\versions\1\asl_alphabet_train\asl_alphabet_train\P\P1031.jpg,P
C:\Users\samri\.cache\kagglehub\datasets\grassknoted\asl-alphabet\versions\1\asl_alphabet_train\asl_alphabet_train\P\P1032.jpg,P
C:\Users\samri\.cache\kagglehub\datasets\grassknoted\asl-alphabet\versions\1\asl_alphabet_train\asl_alphabet_train\P\P1033.jpg,P
C:\Users\samri\.cache\kagglehub\datasets\grassknoted\asl-alphabet\versions\1\asl_alphabet_train\asl_alphabet_train\P\P1034.jpg,P
C:\Users\samri\.cache\kagglehub\datasets\grassknoted\asl-alphabet\versions\1\asl_alphabet_train\asl_alphabet_train\P\P1035.jpg,P
C:\Users\samri\.cache\kagglehub\datasets\grassknoted\asl-alphabet\versions\1\asl_alphabet_train\asl_alphabet_train\P\P1036.jpg,P
C:\Users\samri\.cache\kagglehub\datasets\grassknoted\asl-alphabet\versions\1\asl_alphabet_train\asl_alphabet_train\P\P1037.jpg,P
C:\Users\samri\.cache\kagglehub\datasets\grassknoted\asl-alphabet\versions\1\asl_alphabet_train\asl_alphabet_train\P\P1038.jpg,P
C:\Users\samri\.cache\kagglehub\datasets\grassknoted\asl-alphabet\versions\1\asl_alphabet_train\asl_alphabet_train\P\P1039.jpg,P
C:\Users\samri\.cache\kagglehub\datasets\grassknoted\asl-alphabet\versions\1\asl_alphabet_train\asl_alphabet_train\P\P104.jpg,P
C:\Users\samri\.cache\kagglehub\datasets\grassknoted\asl-alphabet\versions\1\asl_alphabet_train\asl_alphabet_train\P\P1040.jpg,P
C:\Users\samri\.cache\kagglehub\datasets\grassknoted\asl-alphabet\versions\1\asl_alphabet_train\asl_alphabet_train\P\P1041.jpg,P
C:\Users\samri\.cache\kagglehub\datasets\grassknoted\asl-alphabet\versions\1\asl_alphabet_train\asl_alphabet_train\P\P1042.jpg,P
C:\Users\samri\.cache\kagglehub\datasets\grassknoted\asl-alphabet\versions\1\asl_alphabet_train\asl_alphabet_train\Q\Q1.jpg,Q
C:\Users\samri\.cache\kagglehub\datasets\grassknoted\asl-alphabet\versions\1\asl_alphabet_train\asl_alphabet_train\Q\Q100.jpg,Q
C:\Users\samri\.cache\kagglehub\datasets\grassknoted\asl-alphabet\versions\1\asl_alphabet_train\asl_alphabet_train\Q\Q1000.jpg,Q
C:\Users\samri\.cache\kagglehub\datasets\grassknoted\asl-alphabet\versions\1\asl_alphabet_train\asl_alphabet_train\Q\Q1001.jpg,Q
C:\Users\samri\.cache\kagglehub\datasets\grassknoted\asl-alphabet\versions\1\asl_alphabet_train\asl_alphabet_train\Q\Q1002.jpg,Q
C:\Users\samri\.cache\kagglehub\datasets\grassknoted\asl-alphabet\versions\1\asl_alphabet_train\asl_alphabet_train\Q\Q1003.jpg,Q
C:\Users\samri\.cache\kagglehub\datasets\grassknoted\asl-alphabet\versions\1\asl_alphabet_train\asl_alphabet_train\Q\Q1004.jpg,Q
C:\Users\samri\.cache\kagglehub\datasets\grassknoted\asl-alphabet\versions\1\asl_alphabet_train\asl_alphabet_train\Q\Q1005.jpg,Q
C:\Users\samri\.cache\kagglehub\datasets\grassknoted\asl-alphabet\versions\1\asl_alphabet_train\asl_alphabet_train\Q\Q1006.jpg,Q
C:\Users\samri\.cache\kagglehub\datasets\grassknoted\asl-alphabet\versions\1\asl_alphabet_train\asl_alphabet_train\Q\Q1007.jpg,Q
C:\Users\samri\.cache\kagglehub\datasets\grassknoted\asl-alphabet\versions\1\asl_alphabet_train\asl_alphabet_train\Q\Q1008.jpg,Q
C:\Users\samri\.cache\kagglehub\datasets\grassknoted\asl-alphabet\versions\1\asl_alphabet_train\asl_alphabet_train\Q\Q1009.jpg,Q
C:\Users\samri\.cache\kagglehub\datasets\grassknoted\asl-alphabet\versions\1\asl_alphabet_train\asl_alphabet_train\Q\Q101.jpg,Q
C:\Users\samri\.cache\kagglehub\datasets\grassknoted\asl-alphabet\versions\1\asl_alphabet_train\asl_alphabet_train\Q\Q1010.jpg,Q
C:\Users\samri\.cache\kagglehub\datasets\grassknoted\asl-alphabet\versions\1\asl_alphabet_train\asl_alphabet_train\Q\Q1011.jpg,Q
C:\Users\samri\.cache\kagglehub\datasets\grassknoted\asl-alphabet\versions\1\asl_alphabet_train\asl_alphabet_train\Q\Q1012.jpg,Q
C:\Users\samri\.cache\kagglehub\datasets\grassknoted\asl-alphabet\versions\1\asl_alphabet_train\asl_alphabet_train\Q\Q1013.jpg,Q
C:\Users\samri\.cache\kagglehub\datasets\grassknoted\asl-alphabet\versions\1\asl_alphabet_train\asl_alphabet_train\Q\Q1014.jpg,Q
C:\Users\samri\.cache\kagglehub\datasets\grassknoted\asl-alphabet\versions\1\asl_alphabet_train\asl_alphabet_train\Q\Q1015.jpg,Q
C:\Users\samri\.cache\kagglehub\datasets\grassknoted\asl-alphabet\versions\1\asl_alphabet_train\asl_alphabet_train\Q\Q1016.jpg,Q
C:\Users\samri\.cache\kagglehub\datasets\grassknoted\asl-alphabet\versions\1\asl_alphabet_train\asl_alphabet_train\Q\Q1017.jpg,Q
C:\Users\samri\.cache\kagglehub\datasets\grassknoted\asl-alphabet\versions\1\asl_alphabet_train\asl_alphabet_train\Q\Q1018.jpg,Q
C:\Users\samri\.cache\kagglehub\datasets\grassknoted\asl-alphabet\versions\1\asl_alphabet_train\asl_alphabet_train\Q\Q1019.jpg,Q
C:\Users\samri\.cache\kagglehub\datasets\grassknoted\asl-alphabet\versions\1\asl_alphabet_train\asl_alphabet_train\Q\Q102.jpg,Q
C:\Users\samri\.cache\kagglehub\datasets\grassknoted\asl-alphabet\versions\1\asl_alphabet_train\asl_alphabet_train\Q\Q1020.jpg,Q
C:\Users\samri\.cache\kagglehub\datasets\grassknoted\asl-alphabet\versions\1\asl_alphabet_train\asl_alphabet_train\Q\Q1021.jpg,Q
C:\Users\samri\.cache\kagglehub\datasets\grassknoted\asl-alphabet\versions\1\asl_alphabet_train\asl_alphabet_train\Q\Q1022.jpg,Q
C:\Users\samri\.cache\kagglehub\datasets\grassknoted\asl-alphabet\versions\1\asl_alphabet_train\asl_alphabet_train\Q\Q1023.jpg,Q
C:\Users\samri\.cache\kagglehub\datasets\grassknoted\asl-alphabet\versions\1\asl_alphabet_train\asl_alphabet_train\Q\Q1024.jpg,Q
C:\Users\samri\.cache\kagglehub\datasets\grassknoted\asl-alphabet\versions\1\asl_alphabet_train\asl_alphabet_train\Q\Q1025.jpg,Q
C:\Users\samri\.cache\kagglehub\datasets\grassknoted\asl-alphabet\versions\1\asl_alphabet_train\asl_alphabet_train\Q\Q1026.jpg,Q
C:\Users\samri\.cache\kagglehub\datasets\grassknoted\asl-alphabet\versions\1\asl_alphabet_train\asl_alphabet_train\Q\Q1027.jpg,Q
C:\Users\samri\.cache\kagglehub\datasets\grassknoted\asl-alphabet\versions\1\asl_alphabet_train\asl_alphabet_train\Q\Q1028.jpg,Q
C:\Users\samri\.cache\kagglehub\datasets\grassknoted\asl-alphabet\versions\1\asl_alphabet_train\asl_alphabet_train\Q\Q1029.jpg,Q
C:\Users\samri\.cache\kagglehub\datasets\grassknoted\asl-alphabet\versions\1\asl_alphabet_train\asl_alphabet_train\Q\Q103.jpg,Q
C:\Users\samri\.cache\kagglehub\datasets\grassknoted\asl-alphabet\versions\1\asl_alphabet_train\asl_alphabet_train\Q\Q1030.jpg,Q
C:\Users\samri\.cache\kagglehub\datasets\grassknoted\asl-alphabet\versions\1\asl_alphabet_train\asl_alphabet_train\Q\Q1031.jpg,Q
C:\Users\samri\.cache\kagglehub\datasets\grassknoted\asl-alphabet\versions\1\asl_alphabet_train\asl_alphabet_train\Q\Q1032.jpg,Q
C:\Users\samri\.cache\kagglehub\datasets\grassknoted\asl-alphabet\versions\1\asl_alphabet_train\asl_alphabet_train\Q\Q1033.jpg,Q
C:\Users\samri\.cache\kagglehub\datasets\grassknoted\asl-alphabet\versions\1\asl_alphabet_train\asl_alphabet_train\Q\Q1034.jpg,Q
C:\Users\samri\.cache\kagglehub\datasets\grassknoted\asl-alphabet\versions\1\asl_alphabet_train\asl_alphabet_train\Q\Q1035.jpg,Q
C:\Users\samri\.cache\kagglehub\datasets\grassknoted\asl-alphabet\versions\1\asl_alphabet_train\asl_alphabet_train\Q\Q1036.jpg,Q
C:\Users\samri\.cache\kagglehub\datasets\grassknoted\asl-alphabet\versions\1\asl_alphabet_train\asl_alphabet_train\Q\Q1037.jpg,Q
C:\Users\samri\.cache\kagglehub\datasets\grassknoted\asl-alphabet\versions\1\asl_alphabet_train\asl_alphabet_train\Q\Q1038.jpg,Q
C:\Users\samri\.cache\kagglehub\datasets\grassknoted\asl-alphabet\versions\1\asl_alphabet_train\asl_alphabet_train\Q\Q1039.jpg,Q
C:\Users\samri\.cache\kagglehub\datasets\grassknoted\asl-alphabet\versions\1\asl_alphabet_train\asl_alphabet_train\Q\Q104.jpg,Q
C:\Users\samri\.cache\kagglehub\datasets\grassknoted\asl-alphabet\versions\1\asl_alphabet_train\asl_alphabet_train\Q\Q1040.jpg,Q
C:\Users\samri\.cache\kagglehub\datasets\grassknoted\asl-alphabet\versions\1\asl_alphabet_train\asl_alphabet_train\Q\Q1041.jpg,Q
C:\Users\samri\.cache\kagglehub\datasets\grassknoted\asl-alphabet\versions\1\asl_alphabet_train\asl_alphabet_train\Q\Q1042.jpg,Q
C:\Users\samri\.cache\kagglehub\datasets\grassknoted\asl-alphabet\versions\1\asl_alphabet_train\asl_alphabet_train\R\R10.jpg,R
C:\Users\samri\.cache\kagglehub\datasets\grassknoted\asl-alphabet\versions\1\asl_alphabet_train\asl_alphabet_train\R\R100.jpg,R
C:\Users\samri\.cache\kagglehub\datasets\grassknoted\asl-alphabet\versions\1\asl_alphabet_train\asl_alphabet_train\R\R1000.jpg,R
C:\Users\samri\.cache\kagglehub\datasets\grassknoted\asl-alphabet\versions\1\asl_alphabet_train\asl_alphabet_train\R\R1001.jpg,R
C:\Users\samri\.cache\kagglehub\datasets\grassknoted\asl-alphabet\versions\1\asl_alphabet_train\asl_alphabet_train\R\R1002.jpg,R
C:\Users\samri\.cache\kagglehub\datasets\grassknoted\asl-alphabet\versions\1\asl_alphabet_train\asl_alphabet_train\R\R1003.jpg,R
C:\Users\samri\.cache\kagglehub\datasets\grassknoted\asl-alphabet\versions\1\asl_alphabet_train\asl_alphabet_train\R\R1004.jpg,R
C:\Users\samri\.cache\kagglehub\datasets\grassknoted\asl-alphabet\versions\1\asl_alphabet_train\asl_alphabet_train\R\R1005.jpg,R
C:\Users\samri\.cache\kagglehub\datasets\grassknoted\asl-alphabet\versions\1\asl_alphabet_train\asl_alphabet_train\R\R1006.jpg,R
C:\Users\samri\.cache\kagglehub\datasets\grassknoted\asl-alphabet\versions\1\asl_alphabet_train\asl_alphabet_train\R\R1007.jpg,R
C:\Users\samri\.cache\kagglehub\datasets\grassknoted\asl-alphabet\versions\1\asl_alphabet_train\asl_alphabet_train\R\R1008.jpg,R
C:\Users\samri\.cache\kagglehub\datasets\grassknoted\asl-alphabet\versions\1\asl_alphabet_train\asl_alphabet_train\R\R1009.jpg,R
C:\Users\samri\.cache\kagglehub\datasets\grassknoted\asl-alphabet\versions\1\asl_alphabet_train\asl_alphabet_train\R\R101.jpg,R
C:\Users\samri\.cache\kagglehub\datasets\grassknoted\asl-alphabet\versions\1\asl_alphabet_train\asl_alphabet_train\R\R1010.jpg,R
C:\Users\samri\.cache\kagglehub\datasets\grassknoted\asl-alphabet\versions\1\asl_alphabet_train\asl_alphabet_train\R\R1011.jpg,R
C:\Users\samri\.cache\kagglehub\datasets\grassknoted\asl-alphabet\versions\1\asl_alphabet_train\asl_alphabet_train\R\R1012.jpg,R
C:\Users\samri\.cache\kagglehub\datasets\grassknoted\asl-alphabet\versions\1\asl_alphabet_train\asl_alphabet_train\R\R1013.jpg,R
C:\Users\samri\.cache\kagglehub\datasets\grassknoted\asl-alphabet\versions\1\asl_alphabet_train\asl_alphabet_train\R\R1014.jpg,R
C:\Users\samri\.cache\kagglehub\datasets\grassknoted\asl-alphabet\versions\1\asl_alphabet_train\asl_alphabet_train\R\R1015.jpg,R
C:\Users\samri\.cache\kagglehub\datasets\grassknoted\asl-alphabet\versions\1\asl_alphabet_train\asl_alphabet_train\R\R1016.jpg,R
C:\Users\samri\.cache\kagglehub\datasets\grassknoted\asl-alphabet\versions\1\asl_alphabet_train\asl_alphabet_train\R\R1017.jpg,R
C:\Users\samri\.cache\kagglehub\datasets\grassknoted\asl-alphabet\versions\1\asl_alphabet_train\asl_alphabet_train\R\R1018.jpg,R
C:\Users\samri\.cache\kagglehub\datasets\grassknoted\asl-alphabet\versions\1\asl_alphabet_train\asl_alphabet_train\R\R1019.jpg,R
C:\Users\samri\.cache\kagglehub\datasets\grassknoted\asl-alphabet\versions\1\asl_alphabet_train\asl_alphabet_train\R\R102.jpg,R
C:\Users\samri\.cache\kagglehub\datasets\grassknoted\asl-alphabet\versions\1\asl_alphabet_train\asl_alphabet_train\R\R1020.jpg,R
C:\Users\samri\.cache\kagglehub\datasets\grassknoted\asl-alphabet\versions\1\asl_alphabet_train\asl_alphabet_train\R\R1021.jpg,R
C:\Users\samri\.cache\kagglehub\datasets\grassknoted\asl-alphabet\versions\1\asl_alphabet_train\asl_alphabet_train\R\R1022.jpg,R
C:\Users\samri\.cache\kagglehub\datasets\grassknoted\asl-alphabet\versions\1\asl_alphabet_train\asl_alphabet_train\R\R1023.jpg,R
C:\Users\samri\.cache\kagglehub\datasets\grassknoted\asl-alphabet\versions\1\asl_alphabet_train\asl_alphabet_train\R\R1024.jpg,R
C:\Users\samri\.cache\kagglehub\datasets\grassknoted\asl-alphabet\versions\1\asl_alphabet_train\asl_alphabet_train\R\R1025.jpg,R
C:\Users\samri\.cache\kagglehub\datasets\grassknoted\asl-alphabet\versions\1\asl_alphabet_train\asl_alphabet_train\R\R1026.jpg,R
C:\Users\samri\.cache\kagglehub\datasets\grassknoted\asl-alphabet\versions\1\asl_alphabet_train\asl_alphabet_train\R\R1027.jpg,R
C:\Users\samri\.cache\kagglehub\datasets\grassknoted\asl-alphabet\versions\1\asl_alphabet_train\asl_alphabet_train\R\R1028.jpg,R
C:\Users\samri\.cache\kagglehub\datasets\grassknoted\asl-alphabet\versions\1\asl_alphabet_train\asl_alphabet_train\R\R1029.jpg,R
C:\Users\samri\.cache\kagglehub\datasets\grassknoted\asl-alphabet\versions\1\asl_alphabet_train\asl_alphabet_train\R\R103.jpg,R
C:\Users\samri\.cache\kagglehub\datasets\grassknoted\asl-alphabet\versions\1\asl_alphabet_train\asl_alphabet_train\R\R1030.jpg,R
C:\Users\samri\.cache\kagglehub\datasets\grassknoted\asl-alphabet\versions\1\asl_alphabet_train\asl_alphabet_train\R\R1031.jpg,R
C:\Users\samri\.cache\kagglehub\datasets\grassknoted\asl-alphabet\versions\1\asl_alphabet_train\asl_alphabet_train\R\R1032.jpg,R
C:\Users\samri\.cache\kagglehub\datasets\grassknoted\asl-alphabet\versions\1\asl_alphabet_train\asl_alphabet_train\R\R1033.jpg,R
C:\Users\samri\.cache\kagglehub\datasets\grassknoted\asl-alphabet\versions\1\asl_alphabet_train\asl_alphabet_train\R\R1034.jpg,R
C:\Users\samri\.cache\kagglehub\datasets\grassknoted\asl-alphabet\versions\1\asl_alphabet_train\asl_alphabet_train\R\R1035.jpg,R
C:\Users\samri\.cache\kagglehub\datasets\grassknoted\asl-alphabet\versions\1\asl_alphabet_train\asl_alphabet_train\R\R1036.jpg,R
C:\Users\samri\.cache\kagglehub\datasets\grassknoted\asl-alphabet\versions\1\asl_alphabet_train\asl_alphabet_train\R\R1037.jpg,R
C:\Users\samri\.cache\kagglehub\datasets\grassknoted\asl-alphabet\versions\1\asl_alphabet_train\asl_alphabet_train\R\R1038.jpg,R
C:\Users\samri\.cache\kagglehub\datasets\grassknoted\asl-alphabet\versions\1\asl_alphabet_train\asl_alphabet_train\R\R1039.jpg,R
C:\Users\samri\.cache\kagglehub\datasets\grassknoted\asl-alphabet\versions\1\asl_alphabet_train\asl_alphabet_train\R\R104.jpg,R
C:\Users\samri\.cache\kagglehub\datasets\grassknoted\asl-alphabet\versions\1\asl_alphabet_train\asl_alphabet_train\R\R1040.jpg,R
C:\Users\samri\.cache\kagglehub\datasets\grassknoted\asl-alphabet\versions\1\asl_alphabet_train\asl_alphabet_train\R\R1041.jpg,R
C:\Users\samri\.cache\kagglehub\datasets\grassknoted\asl-alphabet\versions\1\asl_alphabet_train\asl_alphabet_train\R\R1042.jpg,R
C:\Users\samri\.cache\kagglehub\datasets\grassknoted\asl-alphabet\versions\1\asl_alphabet_train\asl_alphabet_train\S\S1.jpg,S
C:\Users\samri\.cache\kagglehub\datasets\grassknoted\asl-alphabet\versions\1\asl_alphabet_train\asl_alphabet_train\S\S10.jpg,S
C:\Users\samri\.cache\kagglehub\datasets\grassknoted\asl-alphabet\versions\1\asl_alphabet_train\asl_alphabet_train\S\S100.jpg,S
C:\Users\samri\.cache\kagglehub\datasets\grassknoted\asl-alphabet\versions\1\asl_alphabet_train\asl_alphabet_train\S\S1000.jpg,S
C:\Users\samri\.cache\kagglehub\datasets\grassknoted\asl-alphabet\versions\1\asl_alphabet_train\asl_alphabet_train\S\S1001.jpg,S
C:\Users\samri\.cache\kagglehub\datasets\grassknoted\asl-alphabet\versions\1\asl_alphabet_train\asl_alphabet_train\S\S1002.jpg,S
C:\Users\samri\.cache\kagglehub\datasets\grassknoted\asl-alphabet\versions\1\asl_alphabet_train\asl_alphabet_train\S\S1003.jpg,S
C:\Users\samri\.cache\kagglehub\datasets\grassknoted\asl-alphabet\versions\1\asl_alphabet_train\asl_alphabet_train\S\S1004.jpg,S
C:\Users\samri\.cache\kagglehub\datasets\grassknoted\asl-alphabet\versions\1\asl_alphabet_train\asl_alphabet_train\S\S1005.jpg,S
C:\Users\samri\.cache\kagglehub\datasets\grassknoted\asl-alphabet\versions\1\asl_alphabet_train\asl_alphabet_train\S\S1006.jpg,S
C:\Users\samri\.cache\kagglehub\datasets\grassknoted\asl-alphabet\versions\1\asl_alphabet_train\asl_alphabet_train\S\S1007.jpg,S
C:\Users\samri\.cache\kagglehub\datasets\grassknoted\asl-alphabet\versions\1\asl_alphabet_train\asl_alphabet_train\S\S1008.jpg,S
C:\Users\samri\.cache\kagglehub\datasets\grassknoted\asl-alphabet\versions\1\asl_alphabet_train\asl_alphabet_train\S\S1009.jpg,S
C:\Users\samri\.cache\kagglehub\datasets\grassknoted\asl-alphabet\versions\1\asl_alphabet_train\asl_alphabet_train\S\S101.jpg,S
C:\Users\samri\.cache\kagglehub\datasets\grassknoted\asl-alphabet\versions\1\asl_alphabet_train\asl_alphabet_train\S\S1010.jpg,S
C:\Users\samri\.cache\kagglehub\datasets\grassknoted\asl-alphabet\versions\1\asl_alphabet_train\asl_alphabet_train\S\S1011.jpg,S
C:\Users\samri\.cache\kagglehub\datasets\grassknoted\asl-alphabet\versions\1\asl_alphabet_train\asl_alphabet_train\S\S1012.jpg,S
C:\Users\samri\.cache\kagglehub\datasets\grassknoted\asl-alphabet\versions\1\asl_alphabet_train\asl_alphabet_train\S\S1013.jpg,S
C:\Users\samri\.cache\kagglehub\datasets\grassknoted\asl-alphabet\versions\1\asl_alphabet_train\asl_alphabet_train\S\S1014.jpg,S
C:\Users\samri\.cache\kagglehub\datasets\grassknoted\asl-alphabet\versions\1\asl_alphabet_train\asl_alphabet_train\S\S1015.jpg,S
C:\Users\samri\.cache\kagglehub\datasets\grassknoted\asl-alphabet\versions\1\asl_alphabet_train\asl_alphabet_train\S\S1016.jpg,S
C:\Users\samri\.cache\kagglehub\datasets\grassknoted\asl-alphabet\versions\1\asl_alphabet_train\asl_alphabet_train\S\S1017.jpg,S
C:\Users\samri\.cache\kagglehub\datasets\grassknoted\asl-alphabet\versions\1\asl_alphabet_train\asl_alphabet_train\S\S1018.jpg,S
C:\Users\samri\.cache\kagglehub\datasets\grassknoted\asl-alphabet\versions\1\asl_alphabet_train\asl_alphabet_train\S\S1019.jpg,S
C:\Users\samri\.cache\kagglehub\datasets\grassknoted\asl-alphabet\versions\1\asl_alphabet_train\asl_alphabet_train\S\S102.jpg,S
C:\Users\samri\.cache\kagglehub\datasets\grassknoted\asl-alphabet\versions\1\asl_alphabet_train\asl_alphabet_train\S\S1020.jpg,S
C:\Users\samri\.cache\kagglehub\datasets\grassknoted\asl-alphabet\versions\1\asl_alphabet_train\asl_alphabet_train\S\S1021.jpg,S
C:\Users\samri\.cache\kagglehub\datasets\grassknoted\asl-alphabet\versions\1\asl_alphabet_train\asl_alphabet_train\S\S1022.jpg,S
C:\Users\samri\.cache\kagglehub\datasets\grassknoted\asl-alphabet\versions\1\asl_alphabet_train\asl_alphabet_train\S\S1023.jpg,S
C:\Users\samri\.cache\kagglehub\datasets\grassknoted\asl-alphabet\versions\1\asl_alphabet_train\asl_alphabet_train\S\S1024.jpg,S
C:\Users\samri\.cache\kagglehub\datasets\grassknoted\asl-alphabet\versions\1\asl_alphabet_train\asl_alphabet_train\S\S1025.jpg,S
C:\Users\samri\.cache\kagglehub\datasets\grassknoted\asl-alphabet\versions\1\asl_alphabet_train\asl_alphabet_train\S\S1026.jpg,S
C:\Users\samri\.cache\kagglehub\datasets\grassknoted\asl-alphabet\versions\1\asl_alphabet_train\asl_alphabet_train\S\S1027.jpg,S
C:\Users\samri\.cache\kagglehub\datasets\grassknoted\asl-alphabet\versions\1\asl_alphabet_train\asl_alphabet_train\S\S1028.jpg,S
C:\Users\samri\.cache\kagglehub\datasets\grassknoted\asl-alphabet\versions\1\asl_alphabet_train\asl_alphabet_train\S\S1029.jpg,S
C:\Users\samri\.cache\kagglehub\datasets\grassknoted\asl-alphabet\versions\1\asl_alphabet_train\asl_alphabet_train\S\S103.jpg,S
C:\Users\samri\.cache\kagglehub\datasets\grassknoted\asl-alphabet\versions\1\asl_alphabet_train\asl_alphabet_train\S\S1030.jpg,S
C:\Users\samri\.cache\kagglehub\datasets\grassknoted\asl-alphabet\versions\1\asl_alphabet_train\asl_alphabet_train\S\S1031.jpg,S
C:\Users\samri\.cache\kagglehub\datasets\grassknoted\asl-alphabet\versions\1\asl_alphabet_train\asl_alphabet_train\S\S1032.jpg,S
C:\Users\samri\.cache\kagglehub\datasets\grassknoted\asl-alphabet\versions\1\asl_alphabet_train\asl_alphabet_train\S\S1033.jpg,S
C:\Users\samri\.cache\kagglehub\datasets\grassknoted\asl-alphabet\versions\1\asl_alphabet_train\asl_alphabet_train\S\S1034.jpg,S
C:\Users\samri\.cache\kagglehub\datasets\grassknoted\asl-alphabet\versions\1\asl_alphabet_train\asl_alphabet_train\S\S1035.jpg,S
C:\Users\samri\.cache\kagglehub\datasets\grassknoted\asl-alphabet\versions\1\asl_alphabet_train\asl_alphabet_train\S\S1036.jpg,S
C:\Users\samri\.cache\kagglehub\datasets\grassknoted\asl-alphabet\versions\1\asl_alphabet_train\asl_alphabet_train\S\S1037.jpg,S
C:\Users\samri\.cache\kagglehub\datasets\grassknoted\asl-alphabet\versions\1\asl_alphabet_train\asl_alphabet_train\S\S1038.jpg,S
C:\Users\samri\.cache\kagglehub\datasets\grassknoted\asl-alphabet\versions\1\asl_alphabet_train\asl_alphabet_train\S\S1039.jpg,S
C:\Users\samri\.cache\kagglehub\datasets\grassknoted\asl-alphabet\versions\1\asl_alphabet_train\asl_alphabet_train\S\S104.jpg,S
C:\Users\samri\.cache\kagglehub\datasets\grassknoted\asl-alphabet\versions\1\asl_alphabet_train\asl_alphabet_train\S\S1040.jpg,S
C:\Users\samri\.cache\kagglehub\datasets\grassknoted\asl-alphabet\versions\1\asl_alphabet_train\asl_alphabet_train\S\S1041.jpg,S
C:\Users\samri\.cache\kagglehub\datasets\grassknoted\asl-alphabet\versions\1\asl_alphabet_train\asl_alphabet_train\S\S1042.jpg,S
C:\Users\samri\.cache\kagglehub\datasets\grassknoted\asl-alphabet\versions\1\asl_alphabet_train\asl_alphabet_train\space\space1.jpg,space
C:\Users\samri\.cache\kagglehub\datasets\grassknoted\asl-alphabet\versions\1\asl_alphabet_train\asl_alphabet_train\space\space10.jpg,space
C:\Users\samri\.cache\kagglehub\datasets\grassknoted\asl-alphabet\versions\1\asl_alphabet_train\asl_alphabet_train\space\space100.jpg,space
C:\Users\samri\.cache\kagglehub\datasets\grassknoted\asl-alphabet\versions\1\asl_alphabet_train\asl_alphabet_train\space\space1000.jpg,space
C:\Users\samri\.cache\kagglehub\datasets\grassknoted\asl-alphabet\versions\1\asl_alphabet_train\asl_alphabet_train\space\space1001.jpg,space
C:\Users\samri\.cache\kagglehub\datasets\grassknoted\asl-alphabet\versions\1\asl_alphabet_train\asl_alphabet_train\space\space1002.jpg,space
C:\Users\samri\.cache\kagglehub\datasets\grassknoted\asl-alphabet\versions\1\asl_alphabet_train\asl_alphabet_train\space\space1003.jpg,space
C:\Users\samri\.cache\kagglehub\datasets\grassknoted\asl-alphabet\versions\1\asl_alphabet_train\asl_alphabet_train\space\space1004.jpg,space
C:\Users\samri\.cache\kagglehub\datasets\grassknoted\asl-alphabet\versions\1\asl_alphabet_train\asl_alphabet_train\space\space1005.jpg,space
C:\Users\samri\.cache\kagglehub\datasets\grassknoted\asl-alphabet\versions\1\asl_alphabet_train\asl_alphabet_train\space\space1006.jpg,space
C:\Users\samri\.cache\kagglehub\datasets\grassknoted\asl-alphabet\versions\1\asl_alphabet_train\asl_alphabet_train\space\space1007.jpg,space
C:\Users\samri\.cache\kagglehub\datasets\grassknoted\asl-alphabet\versions\1\asl_alphabet_train\asl_alphabet_train\space\space1008.jpg,space
C:\Users\samri\.cache\kagglehub\datasets\grassknoted\asl-alphabet\versions\1\asl_alphabet_train\asl_alphabet_train\space\space1009.jpg,space
C:\Users\samri\.cache\kagglehub\datasets\grassknoted\asl-alphabet\versions\1\asl_alphabet_train\asl_alphabet_train\space\space101.jpg,space
C:\Users\samri\.cache\kagglehub\datasets\grassknoted\asl-alphabet\versions\1\asl_alphabet_train\asl_alphabet_train\space\space1010.jpg,space
C:\Users\samri\.cache\kagglehub\datasets\grassknoted\asl-alphabet\versions\1\asl_alphabet_train\asl_alphabet_train\space\space1011.jpg,space
C:\Users\samri\.cache\kagglehub\datasets\grassknoted\asl-alphabet\versions\1\asl_alphabet_train\asl_alphabet_train\space\space1012.jpg,space
C:\Users\samri\.cache\kagglehub\datasets\grassknoted\asl-alphabet\versions\1\asl_alphabet_train\asl_alphabet_train\space\space1013.jpg,space
C:\Users\samri\.cache\kagglehub\datasets\grassknoted\asl-alphabet\versions\1\asl_alphabet_train\asl_alphabet_train\space\space1016.jpg,space
C:\Users\samri\.cache\kagglehub\datasets\grassknoted\asl-alphabet\versions\1\asl_alphabet_train\asl_alphabet_train\space\space1017.jpg,space
C:\Users\samri\.cache\kagglehub\datasets\grassknoted\asl-alphabet\versions\1\asl_alphabet_train\asl_alphabet_train\space\space1018.jpg,space
C:\Users\samri\.cache\kagglehub\datasets\grassknoted\asl-alphabet\versions\1\asl_alphabet_train\asl_alphabet_train\space\space1019.jpg,space
C:\Users\samri\.cache\kagglehub\datasets\grassknoted\asl-alphabet\versions\1\asl_alphabet_train\asl_alphabet_train\space\space102.jpg,space
C:\Users\samri\.cache\kagglehub\datasets\grassknoted\asl-alphabet\versions\1\asl_alphabet_train\asl_alphabet_train\space\space1021.jpg,space
C:\Users\samri\.cache\kagglehub\datasets\grassknoted\asl-alphabet\versions\1\asl_alphabet_train\asl_alphabet_train\space\space1022.jpg,space
C:\Users\samri\.cache\kagglehub\datasets\grassknoted\asl-alphabet\versions\1\asl_alphabet_train\asl_alphabet_train\space\space1023.jpg,space
C:\Users\samri\.cache\kagglehub\datasets\grassknoted\asl-alphabet\versions\1\asl_alphabet_train\asl_alphabet_train\space\space1025.jpg,space
C:\Users\samri\.cache\kagglehub\datasets\grassknoted\asl-alphabet\versions\1\asl_alphabet_train\asl_alphabet_train\space\space1026.jpg,space
C:\Users\samri\.cache\kagglehub\datasets\grassknoted\asl-alphabet\versions\1\asl_alphabet_train\asl_alphabet_train\space\space1027.jpg,space
C:\Users\samri\.cache\kagglehub\datasets\grassknoted\asl-alphabet\versions\1\asl_alphabet_train\asl_alphabet_train\space\space1028.jpg,space
C:\Users\samri\.cache\kagglehub\datasets\grassknoted\asl-alphabet\versions\1\asl_alphabet_train\asl_alphabet_train\space\space1029.jpg,space
C:\Users\samri\.cache\kagglehub\datasets\grassknoted\asl-alphabet\versions\1\asl_alphabet_train\asl_alphabet_train\space\space1030.jpg,space
C:\Users\samri\.cache\kagglehub\datasets\grassknoted\asl-alphabet\versions\1\asl_alphabet_train\asl_alphabet_train\space\space1031.jpg,space
C:\Users\samri\.cache\kagglehub\datasets\grassknoted\asl-alphabet\versions\1\asl_alphabet_train\asl_alphabet_train\space\space1032.jpg,space
C:\Users\samri\.cache\kagglehub\datasets\grassknoted\asl-alphabet\versions\1\asl_alphabet_train\asl_alphabet_train\space\space1033.jpg,space
C:\Users\samri\.cache\kagglehub\datasets\grassknoted\asl-alphabet\versions\1\asl_alphabet_train\asl_alphabet_train\space\space1034.jpg,space
C:\Users\samri\.cache\kagglehub\datasets\grassknoted\asl-alphabet\versions\1\asl_alphabet_train\asl_alphabet_train\space\space1035.jpg,space
C:\Users\samri\.cache\kagglehub\datasets\grassknoted\asl-alphabet\versions\1\asl_alphabet_train\asl_alphabet_train\space\space1036.jpg,space
C:\Users\samri\.cache\kagglehub\datasets\grassknoted\asl-alphabet\versions\1\asl_alphabet_train\asl_alphabet_train\space\space1037.jpg,space
C:\Users\samri\.cache\kagglehub\datasets\grassknoted\asl-alphabet\versions\1\asl_alphabet_train\asl_alphabet_train\space\space1038.jpg,space
C:\Users\samri\.cache\kagglehub\datasets\grassknoted\asl-alphabet\versions\1\asl_alphabet_train\asl_alphabet_train\space\space1039.jpg,space
C:\Users\samri\.cache\kagglehub\datasets\grassknoted\asl-alphabet\versions\1\asl_alphabet_train\asl_alphabet_train\space\space1040.jpg,space
C:\Users\samri\.cache\kagglehub\datasets\grassknoted\asl-alphabet\versions\1\asl_alphabet_train\asl_alphabet_train\space\space1041.jpg,space
C:\Users\samri\.cache\kagglehub\datasets\grassknoted\asl-alphabet\versions\1\asl_alphabet_train\asl_alphabet_train\space\space1042.jpg,space
C:\Users\samri\.cache\kagglehub\datasets\grassknoted\asl-alphabet\versions\1\asl_alphabet_train\asl_alphabet_train\T\T1.jpg,T
C:\Users\samri\.cache\kagglehub\datasets\grassknoted\asl-alphabet\versions\1\asl_alphabet_train\asl_alphabet_train\T\T10.jpg,T
C:\Users\samri\.cache\kagglehub\datasets\grassknoted\asl-alphabet\versions\1\asl_alphabet_train\asl_alphabet_train\T\T1000.jpg,T
C:\Users\samri\.cache\kagglehub\datasets\grassknoted\asl-alphabet\versions\1\asl_alphabet_train\asl_alphabet_train\T\T1001.jpg,T
C:\Users\samri\.cache\kagglehub\datasets\grassknoted\asl-alphabet\versions\1\asl_alphabet_train\asl_alphabet_train\T\T1002.jpg,T
C:\Users\samri\.cache\kagglehub\datasets\grassknoted\asl-alphabet\versions\1\asl_alphabet_train\asl_alphabet_train\T\T1003.jpg,T
C:\Users\samri\.cache\kagglehub\datasets\grassknoted\asl-alphabet\versions\1\asl_alphabet_train\asl_alphabet_train\T\T1004.jpg,T
C:\Users\samri\.cache\kagglehub\datasets\grassknoted\asl-alphabet\versions\1\asl_alphabet_train\asl_alphabet_train\T\T1005.jpg,T
C:\Users\samri\.cache\kagglehub\datasets\grassknoted\asl-alphabet\versions\1\asl_alphabet_train\asl_alphabet_train\T\T1006.jpg,T
C:\Users\samri\.cache\kagglehub\datasets\grassknoted\asl-alphabet\versions\1\asl_alphabet_train\asl_alphabet_train\T\T1007.jpg,T
C:\Users\samri\.cache\kagglehub\datasets\grassknoted\asl-alphabet\versions\1\asl_alphabet_train\asl_alphabet_train\T\T1008.jpg,T
C:\Users\samri\.cache\kagglehub\datasets\grassknoted\asl-alphabet\versions\1\asl_alphabet_train\asl_alphabet_train\T\T1009.jpg,T
C:\Users\samri\.cache\kagglehub\datasets\grassknoted\asl-alphabet\versions\1\asl_alphabet_train\asl_alphabet_train\T\T1010.jpg,T
C:\Users\samri\.cache\kagglehub\datasets\grassknoted\asl-alphabet\versions\1\asl_alphabet_train\asl_alphabet_train\T\T1011.jpg,T
C:\Users\samri\.cache\kagglehub\datasets\grassknoted\asl-alphabet\versions\1\asl_alphabet_train\asl_alphabet_train\T\T1012.jpg,T
C:\Users\samri\.cache\kagglehub\datasets\grassknoted\asl-alphabet\versions\1\asl_alphabet_train\asl_alphabet_train\T\T1013.jpg,T
C:\Users\samri\.cache\kagglehub\datasets\grassknoted\asl-alphabet\versions\1\asl_alphabet_train\asl_alphabet_train\T\T1014.jpg,T
C:\Users\samri\.cache\kagglehub\datasets\grassknoted\asl-alphabet\versions\1\asl_alphabet_train\asl_alphabet_train\T\T1015.jpg,T
C:\Users\samri\.cache\kagglehub\datasets\grassknoted\asl-alphabet\versions\1\asl_alphabet_train\asl_alphabet_train\T\T1016.jpg,T
C:\Users\samri\.cache\kagglehub\datasets\grassknoted\asl-alphabet\versions\1\asl_alphabet_train\asl_alphabet_train\T\T1017.jpg,T
C:\Users\samri\.cache\kagglehub\datasets\grassknoted\asl-alphabet\versions\1\asl_alphabet_train\asl_alphabet_train\T\T1018.jpg,T
C:\Users\samri\.cache\kagglehub\datasets\grassknoted\asl-alphabet\versions\1\asl_alphabet_train\asl_alphabet_train\T\T1019.jpg,T
C:\Users\samri\.cache\kagglehub\datasets\grassknoted\asl-alphabet\versions\1\asl_alphabet_train\asl_alphabet_train\T\T1020.jpg,T
C:\Users\samri\.cache\kagglehub\datasets\grassknoted\asl-alphabet\versions\1\asl_alphabet_train\asl_alphabet_train\T\T1021.jpg,T
C:\Users\samri\.cache\kagglehub\datasets\grassknoted\asl-alphabet\versions\1\asl_alphabet_train\asl_alphabet_train\T\T1022.jpg,T
C:\Users\samri\.cache\kagglehub\datasets\grassknoted\asl-alphabet\versions\1\asl_alphabet_train\asl_alphabet_train\T\T1023.jpg,T
C:\Users\samri\.cache\kagglehub\datasets\grassknoted\asl-alphabet\versions\1\asl_alphabet_train\asl_alphabet_train\T\T1024.jpg,T
C:\Users\samri\.cache\kagglehub\datasets\grassknoted\asl-alphabet\versions\1\asl_alphabet_train\asl_alphabet_train\T\T1025.jpg,T
C:\Users\samri\.cache\kagglehub\datasets\grassknoted\asl-alphabet\versions\1\asl_alphabet_train\asl_alphabet_train\T\T1026.jpg,T
C:\Users\samri\.cache\kagglehub\datasets\grassknoted\asl-alphabet\versions\1\asl_alphabet_train\asl_alphabet_train\T\T1027.jpg,T
C:\Users\samri\.cache\kagglehub\datasets\grassknoted\asl-alphabet\versions\1\asl_alphabet_train\asl_alphabet_train\T\T1028.jpg,T
C:\Users\samri\.cache\kagglehub\datasets\grassknoted\asl-alphabet\versions\1\asl_alphabet_train\asl_alphabet_train\T\T1029.jpg,T
C:\Users\samri\.cache\kagglehub\datasets\grassknoted\asl-alphabet\versions\1\asl_alphabet_train\asl_alphabet_train\T\T1030.jpg,T
C:\Users\samri\.cache\kagglehub\datasets\grassknoted\asl-alphabet\versions\1\asl_alphabet_train\asl_alphabet_train\T\T1031.jpg,T
C:\Users\samri\.cache\kagglehub\datasets\grassknoted\asl-alphabet\versions\1\asl_alphabet_train\asl_alphabet_train\T\T1032.jpg,T
C:\Users\samri\.cache\kagglehub\datasets\grassknoted\asl-alphabet\versions\1\asl_alphabet_train\asl_alphabet_train\T\T1033.jpg,T
C:\Users\samri\.cache\kagglehub\datasets\grassknoted\asl-alphabet\versions\1\asl_alphabet_train\asl_alphabet_train\T\T1034.jpg,T
C:\Users\samri\.cache\kagglehub\datasets\grassknoted\asl-alphabet\versions\1\asl_alphabet_train\asl_alphabet_train\T\T1035.jpg,T
C:\Users\samri\.cache\kagglehub\datasets\grassknoted\asl-alphabet\versions\1\asl_alphabet_train\asl_alphabet_train\T\T1036.jpg,T
C:\Users\samri\.cache\kagglehub\datasets\grassknoted\asl-alphabet\versions\1\asl_alphabet_train\asl_alphabet_train\T\T1037.jpg,T
C:\Users\samri\.cache\kagglehub\datasets\grassknoted\asl-alphabet\versions\1\asl_alphabet_train\asl_alphabet_train\T\T1038.jpg,T
C:\Users\samri\.cache\kagglehub\datasets\grassknoted\asl-alphabet\versions\1\asl_alphabet_train\asl_alphabet_train\T\T1039.jpg,T
C:\Users\samri\.cache\kagglehub\datasets\grassknoted\asl-alphabet\versions\1\asl_alphabet_train\asl_alphabet_train\T\T1040.jpg,T
C:\Users\samri\.cache\kagglehub\datasets\grassknoted\asl-alphabet\versions\1\asl_alphabet_train\asl_alphabet_train\T\T1041.jpg,T
C:\Users\samri\.cache\kagglehub\datasets\grassknoted\asl-alphabet\versions\1\asl_alphabet_train\asl_alphabet_train\T\T1042.jpg,T
C:\Users\samri\.cache\kagglehub\datasets\grassknoted\asl-alphabet\versions\1\asl_alphabet_train\asl_alphabet_train\U\U1000.jpg,U
C:\Users\samri\.cache\kagglehub\datasets\grassknoted\asl-alphabet\versions\1\asl_alphabet_train\asl_alphabet_train\U\U1001.jpg,U
C:\Users\samri\.cache\kagglehub\datasets\grassknoted\asl-alphabet\versions\1\asl_alphabet_train\asl_alphabet_train\U\U1002.jpg,U
C:\Users\samri\.cache\kagglehub\datasets\grassknoted\asl-alphabet\versions\1\asl_alphabet_train\asl_alphabet_train\U\U1003.jpg,U
C:\Users\samri\.cache\kagglehub\datasets\grassknoted\asl-alphabet\versions\1\asl_alphabet_train\asl_alphabet_train\U\U1004.jpg,U
C:\Users\samri\.cache\kagglehub\datasets\grassknoted\asl-alphabet\versions\1\asl_alphabet_train\asl_alphabet_train\U\U1005.jpg,U
C:\Users\samri\.cache\kagglehub\datasets\grassknoted\asl-alphabet\versions\1\asl_alphabet_train\asl_alphabet_train\U\U1006.jpg,U
C:\Users\samri\.cache\kagglehub\datasets\grassknoted\asl-alphabet\versions\1\asl_alphabet_train\asl_alphabet_train\U\U1007.jpg,U
C:\Users\samri\.cache\kagglehub\datasets\grassknoted\asl-alphabet\versions\1\asl_alphabet_train\asl_alphabet_train\U\U1008.jpg,U
C:\Users\samri\.cache\kagglehub\datasets\grassknoted\asl-alphabet\versions\1\asl_alphabet_train\asl_alphabet_train\U\U1009.jpg,U
C:\Users\samri\.cache\kagglehub\datasets\grassknoted\asl-alphabet\versions\1\asl_alphabet_train\asl_alphabet_train\U\U1010.jpg,U
C:\Users\samri\.cache\kagglehub\datasets\grassknoted\asl-alphabet\versions\1\asl_alphabet_train\asl_alphabet_train\U\U1011.jpg,U
C:\Users\samri\.cache\kagglehub\datasets\grassknoted\asl-alphabet\versions\1\asl_alphabet_train\asl_alphabet_train\U\U1012.jpg,U
C:\Users\samri\.cache\kagglehub\datasets\grassknoted\asl-alphabet\versions\1\asl_alphabet_train\asl_alphabet_train\U\U1013.jpg,U
C:\Users\samri\.cache\kagglehub\datasets\grassknoted\asl-alphabet\versions\1\asl_alphabet_train\asl_alphabet_train\U\U1014.jpg,U
C:\Users\samri\.cache\kagglehub\datasets\grassknoted\asl-alphabet\versions\1\asl_alphabet_train\asl_alphabet_train\U\U1015.jpg,U
C:\Users\samri\.cache\kagglehub\datasets\grassknoted\asl-alphabet\versions\1\asl_alphabet_train\asl_alphabet_train\U\U1016.jpg,U
C:\Users\samri\.cache\kagglehub\datasets\grassknoted\asl-alphabet\versions\1\asl_alphabet_train\asl_alphabet_train\U\U1017.jpg,U
C:\Users\samri\.cache\kagglehub\datasets\grassknoted\asl-alphabet\versions\1\asl_alphabet_train\asl_alphabet_train\U\U1018.jpg,U
C:\Users\samri\.cache\kagglehub\datasets\grassknoted\asl-alphabet\versions\1\asl_alphabet_train\asl_alphabet_train\U\U1019.jpg,U
C:\Users\samri\.cache\kagglehub\datasets\grassknoted\asl-alphabet\versions\1\asl_alphabet_train\asl_alphabet_train\U\U1020.jpg,U
C:\Users\samri\.cache\kagglehub\datasets\grassknoted\asl-alphabet\versions\1\asl_alphabet_train\asl_alphabet_train\U\U1021.jpg,U
C:\Users\samri\.cache\kagglehub\datasets\grassknoted\asl-alphabet\versions\1\asl_alphabet_train\asl_alphabet_train\U\U1022.jpg,U
C:\Users\samri\.cache\kagglehub\datasets\grassknoted\asl-alphabet\versions\1\asl_alphabet_train\asl_alphabet_train\U\U1023.jpg,U
C:\Users\samri\.cache\kagglehub\datasets\grassknoted\asl-alphabet\versions\1\asl_alphabet_train\asl_alphabet_train\U\U1024.jpg,U
C:\Users\samri\.cache\kagglehub\datasets\grassknoted\asl-alphabet\versions\1\asl_alphabet_train\asl_alphabet_train\U\U1025.jpg,U
C:\Users\samri\.cache\kagglehub\datasets\grassknoted\asl-alphabet\versions\1\asl_alphabet_train\asl_alphabet_train\U\U1026.jpg,U
C:\Users\samri\.cache\kagglehub\datasets\grassknoted\asl-alphabet\versions\1\asl_alphabet_train\asl_alphabet_train\U\U1027.jpg,U
C:\Users\samri\.cache\kagglehub\datasets\grassknoted\asl-alphabet\versions\1\asl_alphabet_train\asl_alphabet_train\U\U1028.jpg,U
C:\Users\samri\.cache\kagglehub\datasets\grassknoted\asl-alphabet\versions\1\asl_alphabet_train\asl_alphabet_train\U\U1029.jpg,U
C:\Users\samri\.cache\kagglehub\datasets\grassknoted\asl-alphabet\versions\1\asl_alphabet_train\asl_alphabet_train\U\U1030.jpg,U
C:\Users\samri\.cache\kagglehub\datasets\grassknoted\asl-alphabet\versions\1\asl_alphabet_train\asl_alphabet_train\U\U1031.jpg,U
C:\Users\samri\.cache\kagglehub\datasets\grassknoted\asl-alphabet\versions\1\asl_alphabet_train\asl_alphabet_train\U\U1032.jpg,U
C:\Users\samri\.cache\kagglehub\datasets\grassknoted\asl-alphabet\versions\1\asl_alphabet_train\asl_alphabet_train\U\U1033.jpg,U
C:\Users\samri\.cache\kagglehub\datasets\grassknoted\asl-alphabet\versions\1\asl_alphabet_train\asl_alphabet_train\U\U1034.jpg,U
C:\Users\samri\.cache\kagglehub\datasets\grassknoted\asl-alphabet\versions\1\asl_alphabet_train\asl_alphabet_train\U\U1035.jpg,U
C:\Users\samri\.cache\kagglehub\datasets\grassknoted\asl-alphabet\versions\1\asl_alphabet_train\asl_alphabet_train\U\U1036.jpg,U
C:\Users\samri\.cache\kagglehub\datasets\grassknoted\asl-alphabet\versions\1\asl_alphabet_train\asl_alphabet_train\U\U1037.jpg,U
C:\Users\samri\.cache\kagglehub\datasets\grassknoted\asl-alphabet\versions\1\asl_alphabet_train\asl_alphabet_train\U\U1038.jpg,U
C:\Users\samri\.cache\kagglehub\datasets\grassknoted\asl-alphabet\versions\1\asl_alphabet_train\asl_alphabet_train\U\U1039.jpg,U
C:\Users\samri\.cache\kagglehub\datasets\grassknoted\asl-alphabet\versions\1\asl_alphabet_train\asl_alphabet_train\U\U1040.jpg,U
C:\Users\samri\.cache\kagglehub\datasets\grassknoted\asl-alphabet\versions\1\asl_alphabet_train\asl_alphabet_train\U\U1041.jpg,U
C:\Users\samri\.cache\kagglehub\datasets\grassknoted\asl-alphabet\versions\1\asl_alphabet_train\asl_alphabet_train\U\U1042.jpg,U
C:\Users\samri\.cache\kagglehub\datasets\grassknoted\asl-alphabet\versions\1\asl_alphabet_train\asl_alphabet_train\V\V1000.jpg,V
C:\Users\samri\.cache\kagglehub\datasets\grassknoted\asl-alphabet\versions\1\asl_alphabet_train\asl_alphabet_train\V\V1001.jpg,V
C:\Users\samri\.cache\kagglehub\datasets\grassknoted\asl-alphabet\versions\1\asl_alphabet_train\asl_alphabet_train\V\V1002.jpg,V
C:\Users\samri\.cache\kagglehub\datasets\grassknoted\asl-alphabet\versions\1\asl_alphabet_train\asl_alphabet_train\V\V1003.jpg,V
C:\Users\samri\.cache\kagglehub\datasets\grassknoted\asl-alphabet\versions\1\asl_alphabet_train\asl_alphabet_train\V\V1004.jpg,V
C:\Users\samri\.cache\kagglehub\datasets\grassknoted\asl-alphabet\versions\1\asl_alphabet_train\asl_alphabet_train\V\V1005.jpg,V
C:\Users\samri\.cache\kagglehub\datasets\grassknoted\asl-alphabet\versions\1\asl_alphabet_train\asl_alphabet_train\V\V1006.jpg,V
C:\Users\samri\.cache\kagglehub\datasets\grassknoted\asl-alphabet\versions\1\asl_alphabet_train\asl_alphabet_train\V\V1007.jpg,V
C:\Users\samri\.cache\kagglehub\datasets\grassknoted\asl-alphabet\versions\1\asl_alphabet_train\asl_alphabet_train\V\V1008.jpg,V
C:\Users\samri\.cache\kagglehub\datasets\grassknoted\asl-alphabet\versions\1\asl_alphabet_train\asl_alphabet_train\V\V1009.jpg,V
C:\Users\samri\.cache\kagglehub\datasets\grassknoted\asl-alphabet\versions\1\asl_alphabet_train\asl_alphabet_train\V\V1010.jpg,V
C:\Users\samri\.cache\kagglehub\datasets\grassknoted\asl-alphabet\versions\1\asl_alphabet_train\asl_alphabet_train\V\V1011.jpg,V
C:\Users\samri\.cache\kagglehub\datasets\grassknoted\asl-alphabet\versions\1\asl_alphabet_train\asl_alphabet_train\V\V1012.jpg,V
C:\Users\samri\.cache\kagglehub\datasets\grassknoted\asl-alphabet\versions\1\asl_alphabet_train\asl_alphabet_train\V\V1013.jpg,V
C:\Users\samri\.cache\kagglehub\datasets\grassknoted\asl-alphabet\versions\1\asl_alphabet_train\asl_alphabet_train\V\V1014.jpg,V
C:\Users\samri\.cache\kagglehub\datasets\grassknoted\asl-alphabet\versions\1\asl_alphabet_train\asl_alphabet_train\V\V1015.jpg,V
C:\Users\samri\.cache\kagglehub\datasets\grassknoted\asl-alphabet\versions\1\asl_alphabet_train\asl_alphabet_train\V\V1016.jpg,V
C:\Users\samri\.cache\kagglehub\datasets\grassknoted\asl-alphabet\versions\1\asl_alphabet_train\asl_alphabet_train\V\V1017.jpg,V
C:\Users\samri\.cache\kagglehub\datasets\grassknoted\asl-alphabet\versions\1\asl_alphabet_train\asl_alphabet_train\V\V1018.jpg,V
C:\Users\samri\.cache\kagglehub\datasets\grassknoted\asl-alphabet\versions\1\asl_alphabet_train\asl_alphabet_train\V\V1019.jpg,V
C:\Users\samri\.cache\kagglehub\datasets\grassknoted\asl-alphabet\versions\1\asl_alphabet_train\asl_alphabet_train\V\V1020.jpg,V
C:\Users\samri\.cache\kagglehub\datasets\grassknoted\asl-alphabet\versions\1\asl_alphabet_train\asl_alphabet_train\V\V1021.jpg,V
C:\Users\samri\.cache\kagglehub\datasets\grassknoted\asl-alphabet\versions\1\asl_alphabet_train\asl_alphabet_train\V\V1022.jpg,V
C:\Users\samri\.cache\kagglehub\datasets\grassknoted\asl-alphabet\versions\1\asl_alphabet_train\asl_alphabet_train\V\V1023.jpg,V
C:\Users\samri\.cache\kagglehub\datasets\grassknoted\asl-alphabet\versions\1\asl_alphabet_train\asl_alphabet_train\V\V1024.jpg,V
C:\Users\samri\.cache\kagglehub\datasets\grassknoted\asl-alphabet\versions\1\asl_alphabet_train\asl_alphabet_train\V\V1025.jpg,V
C:\Users\samri\.cache\kagglehub\datasets\grassknoted\asl-alphabet\versions\1\asl_alphabet_train\asl_alphabet_train\V\V1026.jpg,V
C:\Users\samri\.cache\kagglehub\datasets\grassknoted\asl-alphabet\versions\1\asl_alphabet_train\asl_alphabet_train\V\V1027.jpg,V
C:\Users\samri\.cache\kagglehub\datasets\grassknoted\asl-alphabet\versions\1\asl_alphabet_train\asl_alphabet_train\V\V1028.jpg,V
C:\Users\samri\.cache\kagglehub\datasets\grassknoted\asl-alphabet\versions\1\asl_alphabet_train\asl_alphabet_train\V\V1029.jpg,V
C:\Users\samri\.cache\kagglehub\datasets\grassknoted\asl-alphabet\versions\1\asl_alphabet_train\asl_alphabet_train\V\V1030.jpg,V
C:\Users\samri\.cache\kagglehub\datasets\grassknoted\asl-alphabet\versions\1\asl_alphabet_train\asl_alphabet_train\V\V1031.jpg,V
C:\Users\samri\.cache\kagglehub\datasets\grassknoted\asl-alphabet\versions\1\asl_alphabet_train\asl_alphabet_train\V\V1032.jpg,V
C:\Users\samri\.cache\kagglehub\datasets\grassknoted\asl-alphabet\versions\1\asl_alphabet_train\asl_alphabet_train\V\V1033.jpg,V
C:\Users\samri\.cache\kagglehub\datasets\grassknoted\asl-alphabet\versions\1\asl_alphabet_train\asl_alphabet_train\V\V1034.jpg,V
C:\Users\samri\.cache\kagglehub\datasets\grassknoted\asl-alphabet\versions\1\asl_alphabet_train\asl_alphabet_train\V\V1035.jpg,V
C:\Users\samri\.cache\kagglehub\datasets\grassknoted\asl-alphabet\versions\1\asl_alphabet_train\asl_alphabet_train\V\V1036.jpg,V
C:\Users\samri\.cache\kagglehub\datasets\grassknoted\asl-alphabet\versions\1\asl_alphabet_train\asl_alphabet_train\V\V1037.jpg,V
C:\Users\samri\.cache\kagglehub\datasets\grassknoted\asl-alphabet\versions\1\asl_alphabet_train\asl_alphabet_train\V\V1038.jpg,V
C:\Users\samri\.cache\kagglehub\datasets\grassknoted\asl-alphabet\versions\1\asl_alphabet_train\asl_alphabet_train\V\V1039.jpg,V
C:\Users\samri\.cache\kagglehub\datasets\grassknoted\asl-alphabet\versions\1\asl_alphabet_train\asl_alphabet_train\V\V1040.jpg,V
C:\Users\samri\.cache\kagglehub\datasets\grassknoted\asl-alphabet\versions\1\asl_alphabet_train\asl_alphabet_train\V\V1041.jpg,V
C:\Users\samri\.cache\kagglehub\datasets\grassknoted\asl-alphabet\versions\1\asl_alphabet_train\asl_alphabet_train\V\V1042.jpg,V
C:\Users\samri\.cache\kagglehub\datasets\grassknoted\asl-alphabet\versions\1\asl_alphabet_train\asl_alphabet_train\W\W1.jpg,W
C:\Users\samri\.cache\kagglehub\datasets\grassknoted\asl-alphabet\versions\1\asl_alphabet_train\asl_alphabet_train\W\W10.jpg,W
C:\Users\samri\.cache\kagglehub\datasets\grassknoted\asl-alphabet\versions\1\asl_alphabet_train\asl_alphabet_train\W\W100.jpg,W
C:\Users\samri\.cache\kagglehub\datasets\grassknoted\asl-alphabet\versions\1\asl_alphabet_train\asl_alphabet_train\W\W1000.jpg,W
C:\Users\samri\.cache\kagglehub\datasets\grassknoted\asl-alphabet\versions\1\asl_alphabet_train\asl_alphabet_train\W\W1001.jpg,W
C:\Users\samri\.cache\kagglehub\datasets\grassknoted\asl-alphabet\versions\1\asl_alphabet_train\asl_alphabet_train\W\W1002.jpg,W
C:\Users\samri\.cache\kagglehub\datasets\grassknoted\asl-alphabet\versions\1\asl_alphabet_train\asl_alphabet_train\W\W1003.jpg,W
C:\Users\samri\.cache\kagglehub\datasets\grassknoted\asl-alphabet\versions\1\asl_alphabet_train\asl_alphabet_train\W\W1004.jpg,W
C:\Users\samri\.cache\kagglehub\datasets\grassknoted\asl-alphabet\versions\1\asl_alphabet_train\asl_alphabet_train\W\W1005.jpg,W
C:\Users\samri\.cache\kagglehub\datasets\grassknoted\asl-alphabet\versions\1\asl_alphabet_train\asl_alphabet_train\W\W1006.jpg,W
C:\Users\samri\.cache\kagglehub\datasets\grassknoted\asl-alphabet\versions\1\asl_alphabet_train\asl_alphabet_train\W\W1007.jpg,W
C:\Users\samri\.cache\kagglehub\datasets\grassknoted\asl-alphabet\versions\1\asl_alphabet_train\asl_alphabet_train\W\W1008.jpg,W
C:\Users\samri\.cache\kagglehub\datasets\grassknoted\asl-alphabet\versions\1\asl_alphabet_train\asl_alphabet_train\W\W1009.jpg,W
C:\Users\samri\.cache\kagglehub\datasets\grassknoted\asl-alphabet\versions\1\asl_alphabet_train\asl_alphabet_train\W\W101.jpg,W
C:\Users\samri\.cache\kagglehub\datasets\grassknoted\asl-alphabet\versions\1\asl_alphabet_train\asl_alphabet_train\W\W1010.jpg,W
C:\Users\samri\.cache\kagglehub\datasets\grassknoted\asl-alphabet\versions\1\asl_alphabet_train\asl_alphabet_train\W\W1011.jpg,W
C:\Users\samri\.cache\kagglehub\datasets\grassknoted\asl-alphabet\versions\1\asl_alphabet_train\asl_alphabet_train\W\W1012.jpg,W
C:\Users\samri\.cache\kagglehub\datasets\grassknoted\asl-alphabet\versions\1\asl_alphabet_train\asl_alphabet_train\W\W1013.jpg,W
C:\Users\samri\.cache\kagglehub\datasets\grassknoted\asl-alphabet\versions\1\asl_alphabet_train\asl_alphabet_train\W\W1014.jpg,W
C:\Users\samri\.cache\kagglehub\datasets\grassknoted\asl-alphabet\versions\1\asl_alphabet_train\asl_alphabet_train\W\W1015.jpg,W
C:\Users\samri\.cache\kagglehub\datasets\grassknoted\asl-alphabet\versions\1\asl_alphabet_train\asl_alphabet_train\W\W1016.jpg,W
C:\Users\samri\.cache\kagglehub\datasets\grassknoted\asl-alphabet\versions\1\asl_alphabet_train\asl_alphabet_train\W\W1017.jpg,W
C:\Users\samri\.cache\kagglehub\datasets\grassknoted\asl-alphabet\versions\1\asl_alphabet_train\asl_alphabet_train\W\W1018.jpg,W
C:\Users\samri\.cache\kagglehub\datasets\grassknoted\asl-alphabet\versions\1\asl_alphabet_train\asl_alphabet_train\W\W1019.jpg,W
C:\Users\samri\.cache\kagglehub\datasets\grassknoted\asl-alphabet\versions\1\asl_alphabet_train\asl_alphabet_train\W\W102.jpg,W
C:\Users\samri\.cache\kagglehub\datasets\grassknoted\asl-alphabet\versions\1\asl_alphabet_train\asl_alphabet_train\W\W1020.jpg,W
C:\Users\samri\.cache\kagglehub\datasets\grassknoted\asl-alphabet\versions\1\asl_alphabet_train\asl_alphabet_train\W\W1021.jpg,W
C:\Users\samri\.cache\kagglehub\datasets\grassknoted\asl-alphabet\versions\1\asl_alphabet_train\asl_alphabet_train\W\W1022.jpg,W
C:\Users\samri\.cache\kagglehub\datasets\grassknoted\asl-alphabet\versions\1\asl_alphabet_train\asl_alphabet_train\W\W1023.jpg,W
C:\Users\samri\.cache\kagglehub\datasets\grassknoted\asl-alphabet\versions\1\asl_alphabet_train\asl_alphabet_train\W\W1024.jpg,W
C:\Users\samri\.cache\kagglehub\datasets\grassknoted\asl-alphabet\versions\1\asl_alphabet_train\asl_alphabet_train\W\W1025.jpg,W
C:\Users\samri\.cache\kagglehub\datasets\grassknoted\asl-alphabet\versions\1\asl_alphabet_train\asl_alphabet_train\W\W1026.jpg,W
C:\Users\samri\.cache\kagglehub\datasets\grassknoted\asl-alphabet\versions\1\asl_alphabet_train\asl_alphabet_train\W\W1027.jpg,W
C:\Users\samri\.cache\kagglehub\datasets\grassknoted\asl-alphabet\versions\1\asl_alphabet_train\asl_alphabet_train\W\W1028.jpg,W
C:\Users\samri\.cache\kagglehub\datasets\grassknoted\asl-alphabet\versions\1\asl_alphabet_train\asl_alphabet_train\W\W1029.jpg,W
C:\Users\samri\.cache\kagglehub\datasets\grassknoted\asl-alphabet\versions\1\asl_alphabet_train\asl_alphabet_train\W\W103.jpg,W
C:\Users\samri\.cache\kagglehub\datasets\grassknoted\asl-alphabet\versions\1\asl_alphabet_train\asl_alphabet_train\W\W1030.jpg,W
C:\Users\samri\.cache\kagglehub\datasets\grassknoted\asl-alphabet\versions\1\asl_alphabet_train\asl_alphabet_train\W\W1031.jpg,W
C:\Users\samri\.cache\kagglehub\datasets\grassknoted\asl-alphabet\versions\1\asl_alphabet_train\asl_alphabet_train\W\W1032.jpg,W
C:\Users\samri\.cache\kagglehub\datasets\grassknoted\asl-alphabet\versions\1\asl_alphabet_train\asl_alphabet_train\W\W1033.jpg,W
C:\Users\samri\.cache\kagglehub\datasets\grassknoted\asl-alphabet\versions\1\asl_alphabet_train\asl_alphabet_train\W\W1034.jpg,W
C:\Users\samri\.cache\kagglehub\datasets\grassknoted\asl-alphabet\versions\1\asl_alphabet_train\asl_alphabet_train\W\W1035.jpg,W
C:\Users\samri\.cache\kagglehub\datasets\grassknoted\asl-alphabet\versions\1\asl_alphabet_train\asl_alphabet_train\W\W1036.jpg,W
C:\Users\samri\.cache\kagglehub\datasets\grassknoted\asl-alphabet\versions\1\asl_alphabet_train\asl_alphabet_train\W\W1037.jpg,W
C:\Users\samri\.cache\kagglehub\datasets\grassknoted\asl-alphabet\versions\1\asl_alphabet_train\asl_alphabet_train\W\W1038.jpg,W
C:\Users\samri\.cache\kagglehub\datasets\grassknoted\asl-alphabet\versions\1\asl_alphabet_train\asl_alphabet_train\W\W1039.jpg,W
C:\Users\samri\.cache\kagglehub\datasets\grassknoted\asl-alphabet\versions\1\asl_alphabet_train\asl_alphabet_train\W\W104.jpg,W
C:\Users\samri\.cache\kagglehub\datasets\grassknoted\asl-alphabet\versions\1\asl_alphabet_train\asl_alphabet_train\W\W1040.jpg,W
C:\Users\samri\.cache\kagglehub\datasets\grassknoted\asl-alphabet\versions\1\asl_alphabet_train\asl_alphabet_train\W\W1041.jpg,W
C:\Users\samri\.cache\kagglehub\datasets\grassknoted\asl-alphabet\versions\1\asl_alphabet_train\asl_alphabet_train\W\W1042.jpg,W
C:\Users\samri\.cache\kagglehub\datasets\grassknoted\asl-alphabet\versions\1\asl_alphabet_train\asl_alphabet_train\X\X1000.jpg,X
C:\Users\samri\.cache\kagglehub\datasets\grassknoted\asl-alphabet\versions\1\asl_alphabet_train\asl_alphabet_train\X\X1001.jpg,X
C:\Users\samri\.cache\kagglehub\datasets\grassknoted\asl-alphabet\versions\1\asl_alphabet_train\asl_alphabet_train\X\X1002.jpg,X
C:\Users\samri\.cache\kagglehub\datasets\grassknoted\asl-alphabet\versions\1\asl_alphabet_train\asl_alphabet_train\X\X1003.jpg,X
C:\Users\samri\.cache\kagglehub\datasets\grassknoted\asl-alphabet\versions\1\asl_alphabet_train\asl_alphabet_train\X\X1004.jpg,X
C:\Users\samri\.cache\kagglehub\datasets\grassknoted\asl-alphabet\versions\1\asl_alphabet_train\asl_alphabet_train\X\X1005.jpg,X
C:\Users\samri\.cache\kagglehub\datasets\grassknoted\asl-alphabet\versions\1\asl_alphabet_train\asl_alphabet_train\X\X1006.jpg,X
C:\Users\samri\.cache\kagglehub\datasets\grassknoted\asl-alphabet\versions\1\asl_alphabet_train\asl_alphabet_train\X\X1007.jpg,X
C:\Users\samri\.cache\kagglehub\datasets\grassknoted\asl-alphabet\versions\1\asl_alphabet_train\asl_alphabet_train\X\X1008.jpg,X
C:\Users\samri\.cache\kagglehub\datasets\grassknoted\asl-alphabet\versions\1\asl_alphabet_train\asl_alphabet_train\X\X1009.jpg,X
C:\Users\samri\.cache\kagglehub\datasets\grassknoted\asl-alphabet\versions\1\asl_alphabet_train\asl_alphabet_train\X\X1010.jpg,X
C:\Users\samri\.cache\kagglehub\datasets\grassknoted\asl-alphabet\versions\1\asl_alphabet_train\asl_alphabet_train\X\X1011.jpg,X
C:\Users\samri\.cache\kagglehub\datasets\grassknoted\asl-alphabet\versions\1\asl_alphabet_train\asl_alphabet_train\X\X1012.jpg,X
C:\Users\samri\.cache\kagglehub\datasets\grassknoted\asl-alphabet\versions\1\asl_alphabet_train\asl_alphabet_train\X\X1013.jpg,X
C:\Users\samri\.cache\kagglehub\datasets\grassknoted\asl-alphabet\versions\1\asl_alphabet_train\asl_alphabet_train\X\X1014.jpg,X
C:\Users\samri\.cache\kagglehub\datasets\grassknoted\asl-alphabet\versions\1\asl_alphabet_train\asl_alphabet_train\X\X1015.jpg,X
C:\Users\samri\.cache\kagglehub\datasets\grassknoted\asl-alphabet\versions\1\asl_alphabet_train\asl_alphabet_train\X\X1016.jpg,X
C:\Users\samri\.cache\kagglehub\datasets\grassknoted\asl-alphabet\versions\1\asl_alphabet_train\asl_alphabet_train\X\X1017.jpg,X
C:\Users\samri\.cache\kagglehub\datasets\grassknoted\asl-alphabet\versions\1\asl_alphabet_train\asl_alphabet_train\X\X1018.jpg,X
C:\Users\samri\.cache\kagglehub\datasets\grassknoted\asl-alphabet\versions\1\asl_alphabet_train\asl_alphabet_train\X\X1019.jpg,X
C:\Users\samri\.cache\kagglehub\datasets\grassknoted\asl-alphabet\versions\1\asl_alphabet_train\asl_alphabet_train\X\X1020.jpg,X
C:\Users\samri\.cache\kagglehub\datasets\grassknoted\asl-alphabet\versions\1\asl_alphabet_train\asl_alphabet_train\X\X1021.jpg,X
C:\Users\samri\.cache\kagglehub\datasets\grassknoted\asl-alphabet\versions\1\asl_alphabet_train\asl_alphabet_train\X\X1022.jpg,X
C:\Users\samri\.cache\kagglehub\datasets\grassknoted\asl-alphabet\versions\1\asl_alphabet_train\asl_alphabet_train\X\X1023.jpg,X
C:\Users\samri\.cache\kagglehub\datasets\grassknoted\asl-alphabet\versions\1\asl_alphabet_train\asl_alphabet_train\X\X1024.jpg,X
C:\Users\samri\.cache\kagglehub\datasets\grassknoted\asl-alphabet\versions\1\asl_alphabet_train\asl_alphabet_train\X\X1025.jpg,X
C:\Users\samri\.cache\kagglehub\datasets\grassknoted\asl-alphabet\versions\1\asl_alphabet_train\asl_alphabet_train\X\X1026.jpg,X
C:\Users\samri\.cache\kagglehub\datasets\grassknoted\asl-alphabet\versions\1\asl_alphabet_train\asl_alphabet_train\X\X1027.jpg,X
C:\Users\samri\.cache\kagglehub\datasets\grassknoted\asl-alphabet\versions\1\asl_alphabet_train\asl_alphabet_train\X\X1028.jpg,X
C:\Users\samri\.cache\kagglehub\datasets\grassknoted\asl-alphabet\versions\1\asl_alphabet_train\asl_alphabet_train\X\X1029.jpg,X
C:\Users\samri\.cache\kagglehub\datasets\grassknoted\asl-alphabet\versions\1\asl_alphabet_train\asl_alphabet_train\X\X1030.jpg,X
C:\Users\samri\.cache\kagglehub\datasets\grassknoted\asl-alphabet\versions\1\asl_alphabet_train\asl_alphabet_train\X\X1031.jpg,X
C:\Users\samri\.cache\kagglehub\datasets\grassknoted\asl-alphabet\versions\1\asl_alphabet_train\asl_alphabet_train\X\X1032.jpg,X
C:\Users\samri\.cache\kagglehub\datasets\grassknoted\asl-alphabet\versions\1\asl_alphabet_train\asl_alphabet_train\X\X1033.jpg,X
C:\Users\samri\.cache\kagglehub\datasets\grassknoted\asl-alphabet\versions\1\asl_alphabet_train\asl_alphabet_train\X\X1034.jpg,X
C:\Users\samri\.cache\kagglehub\datasets\grassknoted\asl-alphabet\versions\1\asl_alphabet_train\asl_alphabet_train\X\X1035.jpg,X
C:\Users\samri\.cache\kagglehub\datasets\grassknoted\asl-alphabet\versions\1\asl_alphabet_train\asl_alphabet_train\X\X1036.jpg,X
C:\Users\samri\.cache\kagglehub\datasets\grassknoted\asl-alphabet\versions\1\asl_alphabet_train\asl_alphabet_train\X\X1037.jpg,X
C:\Users\samri\.cache\kagglehub\datasets\grassknoted\asl-alphabet\versions\1\asl_alphabet_train\asl_alphabet_train\X\X1038.jpg,X
C:\Users\samri\.cache\kagglehub\datasets\grassknoted\asl-alphabet\versions\1\asl_alphabet_train\asl_alphabet_train\X\X1039.jpg,X
C:\Users\samri\.cache\kagglehub\datasets\grassknoted\asl-alphabet\versions\1\asl_alphabet_train\asl_alphabet_train\X\X1040.jpg,X
C:\Users\samri\.cache\kagglehub\datasets\grassknoted\asl-alphabet\versions\1\asl_alphabet_train\asl_alphabet_train\X\X1041.jpg,X
C:\Users\samri\.cache\kagglehub\datasets\grassknoted\asl-alphabet\versions\1\asl_alphabet_train\asl_alphabet_train\X\X1042.jpg,X
C:\Users\samri\.cache\kagglehub\datasets\grassknoted\asl-alphabet\versions\1\asl_alphabet_train\asl_alphabet_train\Y\Y1.jpg,Y
C:\Users\samri\.cache\kagglehub\datasets\grassknoted\asl-alphabet\versions\1\asl_alphabet_train\asl_alphabet_train\Y\Y10.jpg,Y
C:\Users\samri\.cache\kagglehub\datasets\grassknoted\asl-alphabet\versions\1\asl_alphabet_train\asl_alphabet_train\Y\Y100.jpg,Y
C:\Users\samri\.cache\kagglehub\datasets\grassknoted\asl-alphabet\versions\1\asl_alphabet_train\asl_alphabet_train\Y\Y1000.jpg,Y
C:\Users\samri\.cache\kagglehub\datasets\grassknoted\asl-alphabet\versions\1\asl_alphabet_train\asl_alphabet_train\Y\Y1001.jpg,Y
C:\Users\samri\.cache\kagglehub\datasets\grassknoted\asl-alphabet\versions\1\asl_alphabet_train\asl_alphabet_train\Y\Y1002.jpg,Y
C:\Users\samri\.cache\kagglehub\datasets\grassknoted\asl-alphabet\versions\1\asl_alphabet_train\asl_alphabet_train\Y\Y1003.jpg,Y
C:\Users\samri\.cache\kagglehub\datasets\grassknoted\asl-alphabet\versions\1\asl_alphabet_train\asl_alphabet_train\Y\Y1004.jpg,Y
C:\Users\samri\.cache\kagglehub\datasets\grassknoted\asl-alphabet\versions\1\asl_alphabet_train\asl_alphabet_train\Y\Y1005.jpg,Y
C:\Users\samri\.cache\kagglehub\datasets\grassknoted\asl-alphabet\versions\1\asl_alphabet_train\asl_alphabet_train\Y\Y1006.jpg,Y
C:\Users\samri\.cache\kagglehub\datasets\grassknoted\asl-alphabet\versions\1\asl_alphabet_train\asl_alphabet_train\Y\Y1007.jpg,Y
C:\Users\samri\.cache\kagglehub\datasets\grassknoted\asl-alphabet\versions\1\asl_alphabet_train\asl_alphabet_train\Y\Y1008.jpg,Y
C:\Users\samri\.cache\kagglehub\datasets\grassknoted\asl-alphabet\versions\1\asl_alphabet_train\asl_alphabet_train\Y\Y1009.jpg,Y
C:\Users\samri\.cache\kagglehub\datasets\grassknoted\asl-alphabet\versions\1\asl_alphabet_train\asl_alphabet_train\Y\Y101.jpg,Y
C:\Users\samri\.cache\kagglehub\datasets\grassknoted\asl-alphabet\versions\1\asl_alphabet_train\asl_alphabet_train\Y\Y1010.jpg,Y
C:\Users\samri\.cache\kagglehub\datasets\grassknoted\asl-alphabet\versions\1\asl_alphabet_train\asl_alphabet_train\Y\Y1011.jpg,Y
C:\Users\samri\.cache\kagglehub\datasets\grassknoted\asl-alphabet\versions\1\asl_alphabet_train\asl_alphabet_train\Y\Y1012.jpg,Y
C:\Users\samri\.cache\kagglehub\datasets\grassknoted\asl-alphabet\versions\1\asl_alphabet_train\asl_alphabet_train\Y\Y1013.jpg,Y
C:\Users\samri\.cache\kagglehub\datasets\grassknoted\asl-alphabet\versions\1\asl_alphabet_train\asl_alphabet_train\Y\Y1014.jpg,Y
C:\Users\samri\.cache\kagglehub\datasets\grassknoted\asl-alphabet\versions\1\asl_alphabet_train\asl_alphabet_train\Y\Y1015.jpg,Y
C:\Users\samri\.cache\kagglehub\datasets\grassknoted\asl-alphabet\versions\1\asl_alphabet_train\asl_alphabet_train\Y\Y1016.jpg,Y
C:\Users\samri\.cache\kagglehub\datasets\grassknoted\asl-alphabet\versions\1\asl_alphabet_train\asl_alphabet_train\Y\Y1017.jpg,Y
C:\Users\samri\.cache\kagglehub\datasets\grassknoted\asl-alphabet\versions\1\asl_alphabet_train\asl_alphabet_train\Y\Y1018.jpg,Y
C:\Users\samri\.cache\kagglehub\datasets\grassknoted\asl-alphabet\versions\1\asl_alphabet_train\asl_alphabet_train\Y\Y1019.jpg,Y
C:\Users\samri\.cache\kagglehub\datasets\grassknoted\asl-alphabet\versions\1\asl_alphabet_train\asl_alphabet_train\Y\Y102.jpg,Y
C:\Users\samri\.cache\kagglehub\datasets\grassknoted\asl-alphabet\versions\1\asl_alphabet_train\asl_alphabet_train\Y\Y1020.jpg,Y
C:\Users\samri\.cache\kagglehub\datasets\grassknoted\asl-alphabet\versions\1\asl_alphabet_train\asl_alphabet_train\Y\Y1021.jpg,Y
C:\Users\samri\.cache\kagglehub\datasets\grassknoted\asl-alphabet\versions\1\asl_alphabet_train\asl_alphabet_train\Y\Y1022.jpg,Y
C:\Users\samri\.cache\kagglehub\datasets\grassknoted\asl-alphabet\versions\1\asl_alphabet_train\asl_alphabet_train\Y\Y1023.jpg,Y
C:\Users\samri\.cache\kagglehub\datasets\grassknoted\asl-alphabet\versions\1\asl_alphabet_train\asl_alphabet_train\Y\Y1024.jpg,Y
C:\Users\samri\.cache\kagglehub\datasets\grassknoted\asl-alphabet\versions\1\asl_alphabet_train\asl_alphabet_train\Y\Y1025.jpg,Y
C:\Users\samri\.cache\kagglehub\datasets\grassknoted\asl-alphabet\versions\1\asl_alphabet_train\asl_alphabet_train\Y\Y1026.jpg,Y
C:\Users\samri\.cache\kagglehub\datasets\grassknoted\asl-alphabet\versions\1\asl_alphabet_train\asl_alphabet_train\Y\Y1027.jpg,Y
C:\Users\samri\.cache\kagglehub\datasets\grassknoted\asl-alphabet\versions\1\asl_alphabet_train\asl_alphabet_train\Y\Y1028.jpg,Y
C:\Users\samri\.cache\kagglehub\datasets\grassknoted\asl-alphabet\versions\1\asl_alphabet_train\asl_alphabet_train\Y\Y1029.jpg,Y
C:\Users\samri\.cache\kagglehub\datasets\grassknoted\asl-alphabet\versions\1\asl_alphabet_train\asl_alphabet_train\Y\Y103.jpg,Y
C:\Users\samri\.cache\kagglehub\datasets\grassknoted\asl-alphabet\versions\1\asl_alphabet_train\asl_alphabet_train\Y\Y1030.jpg,Y
C:\Users\samri\.cache\kagglehub\datasets\grassknoted\asl-alphabet\versions\1\asl_alphabet_train\asl_alphabet_train\Y\Y1031.jpg,Y
C:\Users\samri\.cache\kagglehub\datasets\grassknoted\asl-alphabet\versions\1\asl_alphabet_train\asl_alphabet_train\Y\Y1032.jpg,Y
C:\Users\samri\.cache\kagglehub\datasets\grassknoted\asl-alphabet\versions\1\asl_alphabet_train\asl_alphabet_train\Y\Y1033.jpg,Y
C:\Users\samri\.cache\kagglehub\datasets\grassknoted\asl-alphabet\versions\1\asl_alphabet_train\asl_alphabet_train\Y\Y1034.jpg,Y
C:\Users\samri\.cache\kagglehub\datasets\grassknoted\asl-alphabet\versions\1\asl_alphabet_train\asl_alphabet_train\Y\Y1035.jpg,Y
C:\Users\samri\.cache\kagglehub\datasets\grassknoted\asl-alphabet\versions\1\asl_alphabet_train\asl_alphabet_train\Y\Y1036.jpg,Y
C:\Users\samri\.cache\kagglehub\datasets\grassknoted\asl-alphabet\versions\1\asl_alphabet_train\asl_alphabet_train\Y\Y1037.jpg,Y
C:\Users\samri\.cache\kagglehub\datasets\grassknoted\asl-alphabet\versions\1\asl_alphabet_train\asl_alphabet_train\Y\Y1038.jpg,Y
C:\Users\samri\.cache\kagglehub\datasets\grassknoted\asl-alphabet\versions\1\asl_alphabet_train\asl_alphabet_train\Y\Y1039.jpg,Y
C:\Users\samri\.cache\kagglehub\datasets\grassknoted\asl-alphabet\versions\1\asl_alphabet_train\asl_alphabet_train\Y\Y104.jpg,Y
C:\Users\samri\.cache\kagglehub\datasets\grassknoted\asl-alphabet\versions\1\asl_alphabet_train\asl_alphabet_train\Y\Y1040.jpg,Y
C:\Users\samri\.cache\kagglehub\datasets\grassknoted\asl-alphabet\versions\1\asl_alphabet_train\asl_alphabet_train\Y\Y1041.jpg,Y
C:\Users\samri\.cache\kagglehub\datasets\grassknoted\asl-alphabet\versions\1\asl_alphabet_train\asl_alphabet_train\Y\Y1042.jpg,Y
C:\Users\samri\.cache\kagglehub\datasets\grassknoted\asl-alphabet\versions\1\asl_alphabet_train\asl_alphabet_train\Z\Z100.jpg,Z
C:\Users\samri\.cache\kagglehub\datasets\grassknoted\asl-alphabet\versions\1\asl_alphabet_train\asl_alphabet_train\Z\Z1000.jpg,Z
C:\Users\samri\.cache\kagglehub\datasets\grassknoted\asl-alphabet\versions\1\asl_alphabet_train\asl_alphabet_train\Z\Z1001.jpg,Z
C:\Users\samri\.cache\kagglehub\datasets\grassknoted\asl-alphabet\versions\1\asl_alphabet_train\asl_alphabet_train\Z\Z1002.jpg,Z
C:\Users\samri\.cache\kagglehub\datasets\grassknoted\asl-alphabet\versions\1\asl_alphabet_train\asl_alphabet_train\Z\Z1003.jpg,Z
C:\Users\samri\.cache\kagglehub\datasets\grassknoted\asl-alphabet\versions\1\asl_alphabet_train\asl_alphabet_train\Z\Z1004.jpg,Z
C:\Users\samri\.cache\kagglehub\datasets\grassknoted\asl-alphabet\versions\1\asl_alphabet_train\asl_alphabet_train\Z\Z1005.jpg,Z
C:\Users\samri\.cache\kagglehub\datasets\grassknoted\asl-alphabet\versions\1\asl_alphabet_train\asl_alphabet_train\Z\Z1006.jpg,Z
C:\Users\samri\.cache\kagglehub\datasets\grassknoted\asl-alphabet\versions\1\asl_alphabet_train\asl_alphabet_train\Z\Z1007.jpg,Z
C:\Users\samri\.cache\kagglehub\datasets\grassknoted\asl-alphabet\versions\1\asl_alphabet_train\asl_alphabet_train\Z\Z1008.jpg,Z
C:\Users\samri\.cache\kagglehub\datasets\grassknoted\asl-alphabet\versions\1\asl_alphabet_train\asl_alphabet_train\Z\Z1009.jpg,Z
C:\Users\samri\.cache\kagglehub\datasets\grassknoted\asl-alphabet\versions\1\asl_alphabet_train\asl_alphabet_train\Z\Z101.jpg,Z
C:\Users\samri\.cache\kagglehub\datasets\grassknoted\asl-alphabet\versions\1\asl_alphabet_train\asl_alphabet_train\Z\Z1010.jpg,Z
C:\Users\samri\.cache\kagglehub\datasets\grassknoted\asl-alphabet\versions\1\asl_alphabet_train\asl_alphabet_train\Z\Z1011.jpg,Z
C:\Users\samri\.cache\kagglehub\datasets\grassknoted\asl-alphabet\versions\1\asl_alphabet_train\asl_alphabet_train\Z\Z1012.jpg,Z
C:\Users\samri\.cache\kagglehub\datasets\grassknoted\asl-alphabet\versions\1\asl_alphabet_train\asl_alphabet_train\Z\Z1013.jpg,Z
C:\Users\samri\.cache\kagglehub\datasets\grassknoted\asl-alphabet\versions\1\asl_alphabet_train\asl_alphabet_train\Z\Z1014.jpg,Z
C:\Users\samri\.cache\kagglehub\datasets\grassknoted\asl-alphabet\versions\1\asl_alphabet_train\asl_alphabet_train\Z\Z1015.jpg,Z
C:\Users\samri\.cache\kagglehub\datasets\grassknoted\asl-alphabet\versions\1\asl_alphabet_train\asl_alphabet_train\Z\Z1016.jpg,Z
C:\Users\samri\.cache\kagglehub\datasets\grassknoted\asl-alphabet\versions\1\asl_alphabet_train\asl_alphabet_train\Z\Z1017.jpg,Z
C:\Users\samri\.cache\kagglehub\datasets\grassknoted\asl-alphabet\versions\1\asl_alphabet_train\asl_alphabet_train\Z\Z1018.jpg,Z
C:\Users\samri\.cache\kagglehub\datasets\grassknoted\asl-alphabet\versions\1\asl_alphabet_train\asl_alphabet_train\Z\Z1019.jpg,Z
C:\Users\samri\.cache\kagglehub\datasets\grassknoted\asl-alphabet\versions\1\asl_alphabet_train\asl_alphabet_train\Z\Z102.jpg,Z
C:\Users\samri\.cache\kagglehub\datasets\grassknoted\asl-alphabet\versions\1\asl_alphabet_train\asl_alphabet_train\Z\Z1020.jpg,Z
C:\Users\samri\.cache\kagglehub\datasets\grassknoted\asl-alphabet\versions\1\asl_alphabet_train\asl_alphabet_train\Z\Z1021.jpg,Z
C:\Users\samri\.cache\kagglehub\datasets\grassknoted\asl-alphabet\versions\1\asl_alphabet_train\asl_alphabet_train\Z\Z1022.jpg,Z
C:\Users\samri\.cache\kagglehub\datasets\grassknoted\asl-alphabet\versions\1\asl_alphabet_train\asl_alphabet_train\Z\Z1023.jpg,Z
C:\Users\samri\.cache\kagglehub\datasets\grassknoted\asl-alphabet\versions\1\asl_alphabet_train\asl_alphabet_train\Z\Z1024.jpg,Z
C:\Users\samri\.cache\kagglehub\datasets\grassknoted\asl-alphabet\versions\1\asl_alphabet_train\asl_alphabet_train\Z\Z1025.jpg,Z
C:\Users\samri\.cache\kagglehub\datasets\grassknoted\asl-alphabet\versions\1\asl_alphabet_train\asl_alphabet_train\Z\Z1026.jpg,Z
C:\Users\samri\.cache\kagglehub\datasets\grassknoted\asl-alphabet\versions\1\asl_alphabet_train\asl_alphabet_train\Z\Z1027.jpg,Z
C:\Users\samri\.cache\kagglehub\datasets\grassknoted\asl-alphabet\versions\1\asl_alphabet_train\asl_alphabet_train\Z\Z1028.jpg,Z
C:\Users\samri\.cache\kagglehub\datasets\grassknoted\asl-alphabet\versions\1\asl_alphabet_train\asl_alphabet_train\Z\Z1029.jpg,Z
C:\Users\samri\.cache\kagglehub\datasets\grassknoted\asl-alphabet\versions\1\asl_alphabet_train\asl_alphabet_train\Z\Z103.jpg,Z
C:\Users\samri\.cache\kagglehub\datasets\grassknoted\asl-alphabet\versions\1\asl_alphabet_train\asl_alphabet_train\Z\Z1030.jpg,Z
C:\Users\samri\.cache\kagglehub\datasets\grassknoted\asl-alphabet\versions\1\asl_alphabet_train\asl_alphabet_train\Z\Z1031.jpg,Z
C:\Users\samri\.cache\kagglehub\datasets\grassknoted\asl-alphabet\versions\1\asl_alphabet_train\asl_alphabet_train\Z\Z1032.jpg,Z
C:\Users\samri\.cache\kagglehub\datasets\grassknoted\asl-alphabet\versions\1\asl_alphabet_train\asl_alphabet_train\Z\Z1033.jpg,Z
C:\Users\samri\.cache\kagglehub\datasets\grassknoted\asl-alphabet\versions\1\asl_alphabet_train\asl_alphabet_train\Z\Z1034.jpg,Z
C:\Users\samri\.cache\kagglehub\datasets\grassknoted\asl-alphabet\versions\1\asl_alphabet_train\asl_alphabet_train\Z\Z1035.jpg,Z
C:\Users\samri\.cache\kagglehub\datasets\grassknoted\asl-alphabet\versions\1\asl_alphabet_train\asl_alphabet_train\Z\Z1036.jpg,Z
C:\Users\samri\.cache\kagglehub\datasets\grassknoted\asl-alphabet\versions\1\asl_alphabet_train\asl_alphabet_train\Z\Z1037.jpg,Z
C:\Users\samri\.cache\kagglehub\datasets\grassknoted\asl-alphabet\versions\1\asl_alphabet_train\asl_alphabet_train\Z\Z1038.jpg,Z
C:\Users\samri\.cache\kagglehub\datasets\grassknoted\asl-alphabet\versions\1\asl_alphabet_train\asl_alphabet_train\Z\Z1039.jpg,Z
C:\Users\samri\.cache\kagglehub\datasets\grassknoted\asl-alphabet\versions\1\asl_alphabet_train\asl_alphabet_train\Z\Z104.jpg,Z
C:\Users\samri\.cache\kagglehub\datasets\grassknoted\asl-alphabet\versions\1\asl_alphabet_train\asl_alphabet_train\Z\Z1040.jpg,Z
C:\Users\samri\.cache\kagglehub\datasets\grassknoted\asl-alphabet\versions\1\asl_alphabet_train\asl_alphabet_train\Z\Z1041.jpg,Z
C:\Users\samri\.cache\kagglehub\datasets\grassknoted\asl-alphabet\versions\1\asl_alphabet_train\asl_alphabet_train\Z\Z1042.jpg,Z
